,drug,disease,label
0,16.0,223.0,1.0
1,553.0,108.0,1.0
2,43.0,142.0,1.0
3,574.0,69.0,1.0
4,0.0,91.0,1.0
5,328.0,163.0,1.0
6,221.0,66.0,1.0
7,269.0,86.0,1.0
8,169.0,64.0,1.0
9,280.0,19.0,1.0
10,98.0,73.0,1.0
11,229.0,246.0,1.0
12,404.0,222.0,1.0
13,226.0,111.0,1.0
14,78.0,3.0,1.0
15,484.0,14.0,1.0
16,291.0,107.0,1.0
17,35.0,277.0,1.0
18,19.0,187.0,1.0
19,383.0,27.0,1.0
20,67.0,241.0,1.0
21,270.0,177.0,1.0
22,232.0,312.0,1.0
23,441.0,265.0,1.0
24,2.0,42.0,1.0
25,132.0,184.0,1.0
26,537.0,95.0,1.0
27,394.0,230.0,1.0
28,517.0,174.0,1.0
29,164.0,49.0,1.0
30,387.0,272.0,1.0
31,289.0,218.0,1.0
32,331.0,102.0,1.0
33,231.0,86.0,1.0
34,424.0,153.0,1.0
35,225.0,241.0,1.0
36,226.0,135.0,1.0
37,444.0,23.0,1.0
38,450.0,79.0,1.0
39,427.0,162.0,1.0
40,430.0,140.0,1.0
41,334.0,6.0,1.0
42,302.0,310.0,1.0
43,382.0,35.0,1.0
44,99.0,118.0,1.0
45,529.0,269.0,1.0
46,528.0,232.0,1.0
47,398.0,19.0,1.0
48,162.0,162.0,1.0
49,6.0,211.0,1.0
50,293.0,86.0,1.0
51,235.0,312.0,1.0
52,28.0,162.0,1.0
53,424.0,222.0,1.0
54,541.0,224.0,1.0
55,414.0,166.0,1.0
56,415.0,181.0,1.0
57,472.0,109.0,1.0
58,362.0,62.0,1.0
59,556.0,66.0,1.0
60,532.0,23.0,1.0
61,455.0,34.0,1.0
62,147.0,210.0,1.0
63,171.0,261.0,1.0
64,146.0,130.0,1.0
65,127.0,272.0,1.0
66,333.0,308.0,1.0
67,423.0,302.0,1.0
68,408.0,108.0,1.0
69,312.0,119.0,1.0
70,502.0,256.0,1.0
71,213.0,82.0,1.0
72,228.0,241.0,1.0
73,68.0,17.0,1.0
74,61.0,119.0,1.0
75,83.0,69.0,1.0
76,103.0,66.0,1.0
77,80.0,109.0,1.0
78,10.0,86.0,1.0
79,514.0,278.0,1.0
80,463.0,255.0,1.0
81,144.0,288.0,1.0
82,508.0,175.0,1.0
83,424.0,235.0,1.0
84,143.0,277.0,1.0
85,156.0,147.0,1.0
86,351.0,192.0,1.0
87,186.0,61.0,1.0
88,168.0,108.0,1.0
89,146.0,312.0,1.0
90,333.0,234.0,1.0
91,214.0,241.0,1.0
92,379.0,86.0,1.0
93,141.0,162.0,1.0
94,502.0,179.0,1.0
95,84.0,233.0,1.0
96,579.0,212.0,1.0
97,16.0,200.0,1.0
98,22.0,232.0,1.0
99,518.0,118.0,1.0
100,88.0,151.0,1.0
101,232.0,60.0,1.0
102,47.0,264.0,1.0
103,329.0,128.0,1.0
104,502.0,195.0,1.0
105,557.0,177.0,1.0
106,544.0,98.0,1.0
107,41.0,311.0,1.0
108,450.0,305.0,1.0
109,194.0,66.0,1.0
110,275.0,312.0,1.0
111,112.0,299.0,1.0
112,67.0,193.0,1.0
113,19.0,31.0,1.0
114,375.0,264.0,1.0
115,423.0,73.0,1.0
116,312.0,31.0,1.0
117,531.0,97.0,1.0
118,329.0,175.0,1.0
119,488.0,162.0,1.0
120,365.0,156.0,1.0
121,370.0,174.0,1.0
122,81.0,19.0,1.0
123,159.0,290.0,1.0
124,406.0,312.0,1.0
125,212.0,241.0,1.0
126,210.0,232.0,1.0
127,249.0,86.0,1.0
128,308.0,263.0,1.0
129,569.0,42.0,1.0
130,289.0,82.0,1.0
131,151.0,119.0,1.0
132,223.0,86.0,1.0
133,165.0,181.0,1.0
134,29.0,292.0,1.0
135,526.0,38.0,1.0
136,474.0,273.0,1.0
137,196.0,40.0,1.0
138,19.0,7.0,1.0
139,247.0,112.0,1.0
140,308.0,14.0,1.0
141,154.0,264.0,1.0
142,284.0,86.0,1.0
143,415.0,15.0,1.0
144,39.0,79.0,1.0
145,93.0,177.0,1.0
146,229.0,102.0,1.0
147,103.0,305.0,1.0
148,133.0,108.0,1.0
149,421.0,38.0,1.0
150,452.0,73.0,1.0
151,39.0,86.0,1.0
152,122.0,135.0,1.0
153,450.0,90.0,1.0
154,296.0,95.0,1.0
155,360.0,277.0,1.0
156,457.0,105.0,1.0
157,163.0,19.0,1.0
158,524.0,13.0,1.0
159,549.0,37.0,1.0
160,481.0,37.0,1.0
161,506.0,92.0,1.0
162,448.0,7.0,1.0
163,75.0,65.0,1.0
164,315.0,197.0,1.0
165,433.0,293.0,1.0
166,358.0,251.0,1.0
167,430.0,98.0,1.0
168,501.0,86.0,1.0
169,259.0,162.0,1.0
170,424.0,193.0,1.0
171,533.0,19.0,1.0
172,426.0,3.0,1.0
173,575.0,277.0,1.0
174,138.0,87.0,1.0
175,245.0,75.0,1.0
176,79.0,265.0,1.0
177,3.0,114.0,1.0
178,502.0,309.0,1.0
179,81.0,3.0,1.0
180,343.0,174.0,1.0
181,588.0,108.0,1.0
182,463.0,286.0,1.0
183,56.0,174.0,1.0
184,35.0,230.0,1.0
185,333.0,262.0,1.0
186,433.0,305.0,1.0
187,55.0,111.0,1.0
188,57.0,192.0,1.0
189,558.0,268.0,1.0
190,16.0,82.0,1.0
191,252.0,111.0,1.0
192,237.0,90.0,1.0
193,239.0,130.0,1.0
194,443.0,92.0,1.0
195,489.0,282.0,1.0
196,477.0,312.0,1.0
197,415.0,206.0,1.0
198,229.0,312.0,1.0
199,185.0,305.0,1.0
200,52.0,265.0,1.0
201,365.0,264.0,1.0
202,110.0,251.0,1.0
203,0.0,126.0,1.0
204,414.0,269.0,1.0
205,81.0,274.0,1.0
206,25.0,108.0,1.0
207,443.0,232.0,1.0
208,0.0,261.0,1.0
209,307.0,135.0,1.0
210,422.0,55.0,1.0
211,236.0,14.0,1.0
212,430.0,228.0,1.0
213,381.0,262.0,1.0
214,250.0,17.0,1.0
215,496.0,73.0,1.0
216,70.0,130.0,1.0
217,271.0,61.0,1.0
218,514.0,108.0,1.0
219,136.0,16.0,1.0
220,471.0,75.0,1.0
221,381.0,163.0,1.0
222,554.0,269.0,1.0
223,287.0,239.0,1.0
224,441.0,35.0,1.0
225,575.0,230.0,1.0
226,196.0,60.0,1.0
227,328.0,301.0,1.0
228,195.0,147.0,1.0
229,227.0,142.0,1.0
230,241.0,177.0,1.0
231,506.0,15.0,1.0
232,305.0,35.0,1.0
233,438.0,150.0,1.0
234,81.0,128.0,1.0
235,225.0,206.0,1.0
236,259.0,12.0,1.0
237,153.0,188.0,1.0
238,171.0,108.0,1.0
239,581.0,122.0,1.0
240,576.0,288.0,1.0
241,258.0,206.0,1.0
242,389.0,263.0,1.0
243,426.0,174.0,1.0
244,104.0,34.0,1.0
245,114.0,108.0,1.0
246,50.0,162.0,1.0
247,28.0,269.0,1.0
248,29.0,272.0,1.0
249,556.0,112.0,1.0
250,164.0,282.0,1.0
251,332.0,310.0,1.0
252,353.0,193.0,1.0
253,492.0,69.0,1.0
254,75.0,240.0,1.0
255,154.0,284.0,1.0
256,166.0,241.0,1.0
257,239.0,108.0,1.0
258,51.0,166.0,1.0
259,287.0,108.0,1.0
260,233.0,293.0,1.0
261,82.0,278.0,1.0
262,312.0,147.0,1.0
263,433.0,160.0,1.0
264,333.0,46.0,1.0
265,405.0,162.0,1.0
266,91.0,299.0,1.0
267,287.0,312.0,1.0
268,222.0,197.0,1.0
269,381.0,303.0,1.0
270,369.0,114.0,1.0
271,454.0,269.0,1.0
272,71.0,286.0,1.0
273,370.0,108.0,1.0
274,346.0,100.0,1.0
275,525.0,19.0,1.0
276,262.0,154.0,1.0
277,283.0,311.0,1.0
278,544.0,19.0,1.0
279,201.0,108.0,1.0
280,456.0,1.0,1.0
281,426.0,108.0,1.0
282,89.0,16.0,1.0
283,333.0,177.0,1.0
284,445.0,72.0,1.0
285,73.0,162.0,1.0
286,117.0,102.0,1.0
287,387.0,102.0,1.0
288,145.0,288.0,1.0
289,237.0,293.0,1.0
290,305.0,34.0,1.0
291,341.0,112.0,1.0
292,281.0,78.0,1.0
293,337.0,142.0,1.0
294,424.0,143.0,1.0
295,2.0,128.0,1.0
296,251.0,44.0,1.0
297,519.0,248.0,1.0
298,78.0,214.0,1.0
299,104.0,35.0,1.0
300,293.0,261.0,1.0
301,273.0,108.0,1.0
302,4.0,270.0,1.0
303,299.0,269.0,1.0
304,375.0,166.0,1.0
305,270.0,207.0,1.0
306,173.0,86.0,1.0
307,189.0,37.0,1.0
308,579.0,241.0,1.0
309,34.0,1.0,1.0
310,354.0,162.0,1.0
311,82.0,61.0,1.0
312,289.0,312.0,1.0
313,535.0,12.0,1.0
314,49.0,294.0,1.0
315,437.0,312.0,1.0
316,347.0,135.0,1.0
317,404.0,48.0,1.0
318,290.0,102.0,1.0
319,225.0,15.0,1.0
320,367.0,237.0,1.0
321,397.0,160.0,1.0
322,349.0,287.0,1.0
323,238.0,162.0,1.0
324,536.0,102.0,1.0
325,520.0,146.0,1.0
326,112.0,312.0,1.0
327,161.0,257.0,1.0
328,461.0,79.0,1.0
329,329.0,19.0,1.0
330,415.0,233.0,1.0
331,178.0,166.0,1.0
332,435.0,37.0,1.0
333,412.0,3.0,1.0
334,108.0,17.0,1.0
335,524.0,155.0,1.0
336,477.0,108.0,1.0
337,159.0,102.0,1.0
338,500.0,312.0,1.0
339,109.0,282.0,1.0
340,423.0,163.0,1.0
341,221.0,293.0,1.0
342,524.0,6.0,1.0
343,198.0,79.0,1.0
344,345.0,5.0,1.0
345,309.0,115.0,1.0
346,312.0,10.0,1.0
347,311.0,11.0,1.0
348,129.0,108.0,1.0
349,300.0,151.0,1.0
350,95.0,86.0,1.0
351,159.0,135.0,1.0
352,392.0,135.0,1.0
353,574.0,277.0,1.0
354,550.0,271.0,1.0
355,421.0,94.0,1.0
356,7.0,36.0,1.0
357,539.0,135.0,1.0
358,158.0,182.0,1.0
359,496.0,312.0,1.0
360,252.0,89.0,1.0
361,259.0,212.0,1.0
362,63.0,267.0,1.0
363,333.0,248.0,1.0
364,590.0,312.0,1.0
365,380.0,23.0,1.0
366,381.0,285.0,1.0
367,503.0,109.0,1.0
368,276.0,87.0,1.0
369,424.0,214.0,1.0
370,397.0,30.0,1.0
371,87.0,54.0,1.0
372,256.0,74.0,1.0
373,491.0,190.0,1.0
374,4.0,33.0,1.0
375,188.0,110.0,1.0
376,397.0,90.0,1.0
377,362.0,61.0,1.0
378,133.0,30.0,1.0
379,103.0,102.0,1.0
380,426.0,161.0,1.0
381,441.0,37.0,1.0
382,432.0,228.0,1.0
383,471.0,20.0,1.0
384,498.0,168.0,1.0
385,152.0,34.0,1.0
386,159.0,289.0,1.0
387,423.0,146.0,1.0
388,164.0,93.0,1.0
389,53.0,108.0,1.0
390,231.0,66.0,1.0
391,252.0,133.0,1.0
392,442.0,241.0,1.0
393,521.0,15.0,1.0
394,390.0,205.0,1.0
395,357.0,86.0,1.0
396,457.0,307.0,1.0
397,548.0,192.0,1.0
398,194.0,112.0,1.0
399,455.0,265.0,1.0
400,419.0,66.0,1.0
401,569.0,264.0,1.0
402,61.0,118.0,1.0
403,233.0,66.0,1.0
404,225.0,222.0,1.0
405,102.0,86.0,1.0
406,517.0,264.0,1.0
407,132.0,170.0,1.0
408,273.0,312.0,1.0
409,113.0,86.0,1.0
410,328.0,303.0,1.0
411,135.0,156.0,1.0
412,276.0,162.0,1.0
413,93.0,31.0,1.0
414,538.0,1.0,1.0
415,320.0,241.0,1.0
416,141.0,269.0,1.0
417,497.0,115.0,1.0
418,178.0,162.0,1.0
419,125.0,151.0,1.0
420,156.0,225.0,1.0
421,522.0,108.0,1.0
422,585.0,38.0,1.0
423,370.0,82.0,1.0
424,246.0,251.0,1.0
425,415.0,193.0,1.0
426,421.0,106.0,1.0
427,517.0,281.0,1.0
428,93.0,197.0,1.0
429,378.0,177.0,1.0
430,79.0,34.0,1.0
431,185.0,125.0,1.0
432,412.0,139.0,1.0
433,283.0,273.0,1.0
434,554.0,162.0,1.0
435,154.0,312.0,1.0
436,59.0,241.0,1.0
437,423.0,248.0,1.0
438,283.0,30.0,1.0
439,528.0,162.0,1.0
440,542.0,117.0,1.0
441,222.0,177.0,1.0
442,368.0,310.0,1.0
443,435.0,35.0,1.0
444,250.0,103.0,1.0
445,33.0,214.0,1.0
446,377.0,62.0,1.0
447,357.0,112.0,1.0
448,296.0,66.0,1.0
449,343.0,197.0,1.0
450,389.0,251.0,1.0
451,419.0,112.0,1.0
452,556.0,293.0,1.0
453,437.0,108.0,1.0
454,335.0,108.0,1.0
455,6.0,94.0,1.0
456,360.0,250.0,1.0
457,333.0,163.0,1.0
458,168.0,278.0,1.0
459,381.0,301.0,1.0
460,52.0,37.0,1.0
461,523.0,278.0,1.0
462,368.0,108.0,1.0
463,244.0,103.0,1.0
464,159.0,87.0,1.0
465,530.0,135.0,1.0
466,333.0,301.0,1.0
467,75.0,64.0,1.0
468,237.0,112.0,1.0
469,78.0,113.0,1.0
470,225.0,165.0,1.0
471,549.0,265.0,1.0
472,46.0,263.0,1.0
473,74.0,142.0,1.0
474,383.0,38.0,1.0
475,181.0,86.0,1.0
476,23.0,72.0,1.0
477,328.0,308.0,1.0
478,573.0,69.0,1.0
479,424.0,206.0,1.0
480,331.0,305.0,1.0
481,534.0,100.0,1.0
482,184.0,114.0,1.0
483,370.0,166.0,1.0
484,587.0,75.0,1.0
485,69.0,1.0,1.0
486,106.0,86.0,1.0
487,374.0,162.0,1.0
488,259.0,181.0,1.0
489,305.0,37.0,1.0
490,401.0,102.0,1.0
491,316.0,284.0,1.0
492,298.0,109.0,1.0
493,37.0,108.0,1.0
494,381.0,197.0,1.0
495,239.0,261.0,1.0
496,103.0,293.0,1.0
497,423.0,308.0,1.0
498,226.0,1.0,1.0
499,247.0,86.0,1.0
500,186.0,108.0,1.0
501,307.0,249.0,1.0
502,257.0,3.0,1.0
503,309.0,192.0,1.0
504,540.0,108.0,1.0
505,41.0,23.0,1.0
506,30.0,69.0,1.0
507,61.0,31.0,1.0
508,391.0,66.0,1.0
509,78.0,19.0,1.0
510,212.0,235.0,1.0
511,165.0,137.0,1.0
512,381.0,248.0,1.0
513,286.0,312.0,1.0
514,103.0,281.0,1.0
515,48.0,43.0,1.0
516,247.0,50.0,1.0
517,145.0,214.0,1.0
518,520.0,108.0,1.0
519,471.0,58.0,1.0
520,80.0,69.0,1.0
521,407.0,173.0,1.0
522,331.0,90.0,1.0
523,291.0,272.0,1.0
524,433.0,66.0,1.0
525,511.0,312.0,1.0
526,473.0,250.0,1.0
527,423.0,262.0,1.0
528,91.0,311.0,1.0
529,302.0,108.0,1.0
530,3.0,116.0,1.0
531,275.0,311.0,1.0
532,417.0,287.0,1.0
533,384.0,189.0,1.0
534,408.0,312.0,1.0
535,298.0,43.0,1.0
536,66.0,168.0,1.0
537,134.0,7.0,1.0
538,81.0,151.0,1.0
539,560.0,135.0,1.0
540,132.0,171.0,1.0
541,343.0,177.0,1.0
542,542.0,109.0,1.0
543,29.0,144.0,1.0
544,42.0,312.0,1.0
545,194.0,160.0,1.0
546,37.0,61.0,1.0
547,252.0,87.0,1.0
548,291.0,148.0,1.0
549,326.0,238.0,1.0
550,313.0,86.0,1.0
551,203.0,108.0,1.0
552,225.0,19.0,1.0
553,524.0,261.0,1.0
554,317.0,79.0,1.0
555,229.0,108.0,1.0
556,405.0,87.0,1.0
557,102.0,307.0,1.0
558,397.0,94.0,1.0
559,331.0,86.0,1.0
560,232.0,272.0,1.0
561,584.0,103.0,1.0
562,211.0,117.0,1.0
563,302.0,312.0,1.0
564,26.0,82.0,1.0
565,185.0,204.0,1.0
566,572.0,307.0,1.0
567,259.0,49.0,1.0
568,376.0,79.0,1.0
569,381.0,177.0,1.0
570,40.0,129.0,1.0
571,342.0,269.0,1.0
572,324.0,79.0,1.0
573,237.0,254.0,1.0
574,313.0,112.0,1.0
575,187.0,311.0,1.0
576,27.0,8.0,1.0
577,561.0,312.0,1.0
578,588.0,312.0,1.0
579,161.0,279.0,1.0
580,200.0,82.0,1.0
581,333.0,303.0,1.0
582,144.0,75.0,1.0
583,169.0,217.0,1.0
584,413.0,284.0,1.0
585,64.0,111.0,1.0
586,229.0,67.0,1.0
587,296.0,4.0,1.0
588,68.0,299.0,1.0
589,8.0,197.0,1.0
590,328.0,234.0,1.0
591,14.0,244.0,1.0
592,156.0,73.0,1.0
593,341.0,50.0,1.0
594,485.0,35.0,1.0
595,159.0,246.0,1.0
596,460.0,92.0,1.0
597,93.0,6.0,1.0
598,232.0,108.0,1.0
599,526.0,30.0,1.0
600,48.0,226.0,1.0
601,544.0,99.0,1.0
602,326.0,241.0,1.0
603,228.0,212.0,1.0
604,382.0,34.0,1.0
605,490.0,241.0,1.0
606,124.0,87.0,1.0
607,225.0,212.0,1.0
608,403.0,284.0,1.0
609,259.0,38.0,1.0
610,343.0,264.0,1.0
611,319.0,263.0,1.0
612,212.0,275.0,1.0
613,573.0,57.0,1.0
614,19.0,231.0,1.0
615,567.0,211.0,1.0
616,36.0,1.0,1.0
617,225.0,204.0,1.0
618,423.0,111.0,1.0
619,450.0,210.0,1.0
620,450.0,66.0,1.0
621,16.0,243.0,1.0
622,180.0,185.0,1.0
623,492.0,86.0,1.0
624,467.0,78.0,1.0
625,440.0,130.0,1.0
626,89.0,58.0,1.0
627,88.0,139.0,1.0
628,230.0,147.0,1.0
629,259.0,165.0,1.0
630,165.0,15.0,1.0
631,536.0,14.0,1.0
632,228.0,193.0,1.0
633,357.0,293.0,1.0
634,451.0,134.0,1.0
635,39.0,57.0,1.0
636,512.0,86.0,1.0
637,381.0,308.0,1.0
638,255.0,175.0,1.0
639,550.0,205.0,1.0
640,320.0,20.0,1.0
641,333.0,302.0,1.0
642,270.0,145.0,1.0
643,237.0,86.0,1.0
644,537.0,79.0,1.0
645,39.0,102.0,1.0
646,447.0,214.0,1.0
647,93.0,287.0,1.0
648,185.0,160.0,1.0
649,373.0,86.0,1.0
650,494.0,12.0,1.0
651,394.0,277.0,1.0
652,229.0,121.0,1.0
653,123.0,14.0,1.0
654,528.0,166.0,1.0
655,443.0,149.0,1.0
656,432.0,213.0,1.0
657,149.0,135.0,1.0
658,78.0,2.0,1.0
659,148.0,142.0,1.0
660,138.0,61.0,1.0
661,179.0,43.0,1.0
662,354.0,269.0,1.0
663,576.0,75.0,1.0
664,456.0,117.0,1.0
665,110.0,14.0,1.0
666,191.0,118.0,1.0
667,322.0,162.0,1.0
668,285.0,103.0,1.0
669,133.0,312.0,1.0
670,211.0,266.0,1.0
671,537.0,162.0,1.0
672,69.0,119.0,1.0
673,582.0,283.0,1.0
674,151.0,118.0,1.0
675,42.0,108.0,1.0
676,568.0,86.0,1.0
677,397.0,293.0,1.0
678,461.0,307.0,1.0
679,36.0,86.0,1.0
680,525.0,123.0,1.0
681,465.0,108.0,1.0
682,49.0,246.0,1.0
683,529.0,166.0,1.0
684,486.0,280.0,1.0
685,8.0,177.0,1.0
686,179.0,135.0,1.0
687,485.0,265.0,1.0
688,561.0,108.0,1.0
689,438.0,14.0,1.0
690,300.0,284.0,1.0
691,71.0,255.0,1.0
692,478.0,23.0,1.0
693,511.0,86.0,1.0
694,289.0,113.0,1.0
695,204.0,86.0,1.0
696,496.0,155.0,1.0
697,589.0,32.0,1.0
698,189.0,34.0,1.0
699,79.0,37.0,1.0
700,150.0,35.0,1.0
701,457.0,87.0,1.0
702,586.0,114.0,1.0
703,142.0,177.0,1.0
704,464.0,250.0,1.0
705,450.0,86.0,1.0
706,194.0,305.0,1.0
707,390.0,271.0,1.0
708,281.0,312.0,1.0
709,590.0,108.0,1.0
710,145.0,71.0,1.0
711,300.0,139.0,1.0
712,1.0,284.0,1.0
713,519.0,300.0,1.0
714,10.0,112.0,1.0
715,211.0,69.0,1.0
716,172.0,86.0,1.0
717,370.0,218.0,1.0
718,212.0,219.0,1.0
719,3.0,71.0,1.0
720,292.0,5.0,1.0
721,400.0,102.0,1.0
722,71.0,246.0,1.0
723,346.0,177.0,1.0
724,104.0,265.0,1.0
725,177.0,12.0,1.0
726,139.0,299.0,1.0
727,152.0,265.0,1.0
728,299.0,162.0,1.0
729,537.0,133.0,1.0
730,380.0,299.0,1.0
731,365.0,218.0,1.0
732,467.0,129.0,1.0
733,580.0,242.0,1.0
734,397.0,86.0,1.0
735,433.0,112.0,1.0
736,199.0,193.0,1.0
737,333.0,285.0,1.0
738,232.0,299.0,1.0
739,382.0,37.0,1.0
740,212.0,276.0,1.0
741,97.0,246.0,1.0
742,84.0,98.0,1.0
743,78.0,241.0,1.0
744,521.0,233.0,1.0
745,165.0,193.0,1.0
746,541.0,72.0,1.0
747,132.0,164.0,1.0
748,516.0,128.0,1.0
749,341.0,305.0,1.0
750,75.0,217.0,1.0
751,220.0,241.0,1.0
752,348.0,35.0,1.0
753,200.0,312.0,1.0
754,338.0,264.0,1.0
755,537.0,275.0,1.0
756,0.0,42.0,1.0
757,431.0,19.0,1.0
758,502.0,185.0,1.0
759,356.0,241.0,1.0
760,355.0,99.0,1.0
761,228.0,141.0,1.0
762,123.0,108.0,1.0
763,259.0,206.0,1.0
764,237.0,305.0,1.0
765,461.0,87.0,1.0
766,189.0,35.0,1.0
767,251.0,206.0,1.0
768,276.0,269.0,1.0
769,185.0,124.0,1.0
770,172.0,69.0,1.0
771,212.0,153.0,1.0
772,364.0,312.0,1.0
773,547.0,241.0,1.0
774,191.0,119.0,1.0
775,46.0,14.0,1.0
776,300.0,3.0,1.0
777,154.0,174.0,1.0
778,123.0,147.0,1.0
779,424.0,219.0,1.0
780,21.0,182.0,1.0
781,528.0,269.0,1.0
782,252.0,181.0,1.0
783,399.0,0.0,1.0
784,362.0,278.0,1.0
785,316.0,77.0,1.0
786,179.0,295.0,1.0
787,44.0,284.0,1.0
788,311.0,57.0,1.0
789,225.0,20.0,1.0
790,458.0,200.0,1.0
791,565.0,284.0,1.0
792,174.0,152.0,1.0
793,415.0,204.0,1.0
794,22.0,114.0,1.0
795,236.0,263.0,1.0
796,312.0,185.0,1.0
797,381.0,234.0,1.0
798,467.0,108.0,1.0
799,111.0,87.0,1.0
800,231.0,160.0,1.0
801,466.0,115.0,1.0
802,436.0,284.0,1.0
803,116.0,276.0,1.0
804,254.0,135.0,1.0
805,77.0,86.0,1.0
806,389.0,14.0,1.0
807,264.0,241.0,1.0
808,29.0,148.0,1.0
809,140.0,30.0,1.0
810,259.0,32.0,1.0
811,523.0,62.0,1.0
812,160.0,264.0,1.0
813,344.0,108.0,1.0
814,278.0,35.0,1.0
815,81.0,175.0,1.0
816,341.0,293.0,1.0
817,189.0,265.0,1.0
818,14.0,243.0,1.0
819,10.0,305.0,1.0
820,288.0,241.0,1.0
821,521.0,38.0,1.0
822,296.0,160.0,1.0
823,339.0,118.0,1.0
824,382.0,265.0,1.0
825,356.0,38.0,1.0
826,562.0,162.0,1.0
827,371.0,79.0,1.0
828,460.0,233.0,1.0
829,537.0,174.0,1.0
830,259.0,87.0,1.0
831,304.0,145.0,1.0
832,537.0,141.0,1.0
833,255.0,199.0,1.0
834,5.0,252.0,1.0
835,584.0,108.0,1.0
836,271.0,278.0,1.0
837,423.0,86.0,1.0
838,429.0,269.0,1.0
839,10.0,293.0,1.0
840,333.0,300.0,1.0
841,150.0,37.0,1.0
842,129.0,129.0,1.0
843,521.0,193.0,1.0
844,377.0,278.0,1.0
845,506.0,238.0,1.0
846,255.0,19.0,1.0
847,224.0,108.0,1.0
848,429.0,162.0,1.0
849,95.0,307.0,1.0
850,412.0,42.0,1.0
851,337.0,273.0,1.0
852,135.0,161.0,1.0
853,145.0,241.0,1.0
854,244.0,312.0,1.0
855,509.0,118.0,1.0
856,496.0,86.0,1.0
857,338.0,174.0,1.0
858,582.0,132.0,1.0
859,370.0,264.0,1.0
860,48.0,5.0,1.0
861,574.0,250.0,1.0
862,273.0,78.0,1.0
863,154.0,161.0,1.0
864,271.0,62.0,1.0
865,520.0,312.0,1.0
866,109.0,192.0,1.0
867,208.0,115.0,1.0
868,184.0,3.0,1.0
869,289.0,156.0,1.0
870,263.0,72.0,1.0
871,172.0,270.0,1.0
872,87.0,186.0,1.0
873,570.0,162.0,1.0
874,404.0,241.0,1.0
875,331.0,50.0,1.0
876,298.0,210.0,1.0
877,67.0,206.0,1.0
878,196.0,135.0,1.0
879,498.0,279.0,1.0
880,323.0,121.0,1.0
881,115.0,19.0,1.0
882,259.0,251.0,1.0
883,496.0,104.0,1.0
884,96.0,66.0,1.0
885,93.0,246.0,1.0
886,121.0,193.0,1.0
887,307.0,182.0,1.0
888,19.0,155.0,1.0
889,197.0,86.0,1.0
890,47.0,113.0,1.0
891,278.0,34.0,1.0
892,316.0,93.0,1.0
893,537.0,32.0,1.0
894,212.0,233.0,1.0
895,313.0,66.0,1.0
896,565.0,139.0,1.0
897,158.0,183.0,1.0
898,435.0,265.0,1.0
899,455.0,37.0,1.0
900,502.0,159.0,1.0
901,160.0,218.0,1.0
902,415.0,276.0,1.0
903,566.0,79.0,1.0
904,456.0,66.0,1.0
905,251.0,241.0,1.0
906,333.0,147.0,1.0
907,18.0,25.0,1.0
908,275.0,23.0,1.0
909,261.0,87.0,1.0
910,505.0,181.0,1.0
911,421.0,165.0,1.0
912,485.0,34.0,1.0
913,446.0,202.0,1.0
914,331.0,293.0,1.0
915,348.0,37.0,1.0
916,491.0,239.0,1.0
917,23.0,273.0,1.0
918,103.0,160.0,1.0
919,252.0,162.0,1.0
920,551.0,135.0,1.0
921,402.0,307.0,1.0
922,522.0,190.0,1.0
923,162.0,284.0,1.0
924,207.0,102.0,1.0
925,302.0,30.0,1.0
926,346.0,272.0,1.0
927,169.0,65.0,1.0
928,243.0,192.0,1.0
929,268.0,269.0,1.0
930,175.0,86.0,1.0
931,319.0,284.0,1.0
932,219.0,240.0,1.0
933,426.0,264.0,1.0
934,257.0,280.0,1.0
935,416.0,257.0,1.0
936,368.0,14.0,1.0
937,278.0,37.0,1.0
938,442.0,137.0,1.0
939,132.0,173.0,1.0
940,103.0,86.0,1.0
941,163.0,75.0,1.0
942,369.0,116.0,1.0
943,209.0,18.0,1.0
944,185.0,293.0,1.0
945,359.0,282.0,1.0
946,361.0,307.0,1.0
947,188.0,117.0,1.0
948,4.0,252.0,1.0
949,458.0,82.0,1.0
950,233.0,160.0,1.0
951,107.0,249.0,1.0
952,348.0,265.0,1.0
953,267.0,222.0,1.0
954,357.0,305.0,1.0
955,489.0,86.0,1.0
956,433.0,79.0,1.0
957,211.0,270.0,1.0
958,259.0,141.0,1.0
959,498.0,220.0,1.0
960,40.0,108.0,1.0
961,537.0,181.0,1.0
962,69.0,31.0,1.0
963,513.0,312.0,1.0
964,208.0,162.0,1.0
965,103.0,203.0,1.0
966,20.0,177.0,1.0
967,171.0,312.0,1.0
968,134.0,31.0,1.0
969,543.0,312.0,1.0
970,235.0,82.0,1.0
971,112.0,311.0,1.0
972,218.0,162.0,1.0
973,368.0,129.0,1.0
974,114.0,312.0,1.0
975,133.0,130.0,1.0
976,52.0,34.0,1.0
977,60.0,232.0,1.0
978,286.0,82.0,1.0
979,329.0,258.0,1.0
980,73.0,166.0,1.0
981,320.0,204.0,1.0
982,273.0,60.0,1.0
983,210.0,220.0,1.0
984,287.0,121.0,1.0
985,555.0,263.0,1.0
986,366.0,312.0,1.0
987,128.0,102.0,1.0
988,460.0,206.0,1.0
989,252.0,6.0,1.0
990,584.0,312.0,1.0
991,319.0,59.0,1.0
992,533.0,153.0,1.0
993,244.0,17.0,1.0
994,217.0,284.0,1.0
995,439.0,14.0,1.0
996,444.0,299.0,1.0
997,167.0,147.0,1.0
998,87.0,52.0,1.0
999,336.0,251.0,1.0
1000,508.0,199.0,1.0
1001,68.0,108.0,1.0
1002,298.0,117.0,1.0
1003,288.0,276.0,1.0
1004,72.0,108.0,1.0
1005,84.0,15.0,1.0
1006,455.0,35.0,1.0
1007,248.0,133.0,1.0
1008,325.0,185.0,1.0
1009,569.0,275.0,1.0
1010,71.0,86.0,1.0
1011,375.0,156.0,1.0
1012,232.0,121.0,1.0
1013,275.0,102.0,1.0
1014,313.0,160.0,1.0
1015,487.0,312.0,1.0
1016,564.0,208.0,1.0
1017,356.0,84.0,1.0
1018,363.0,162.0,1.0
1019,432.0,241.0,1.0
1020,531.0,142.0,1.0
1021,252.0,122.0,1.0
1022,355.0,241.0,1.0
1023,225.0,276.0,1.0
1024,430.0,99.0,1.0
1025,179.0,117.0,1.0
1026,274.0,5.0,1.0
1027,528.0,149.0,1.0
1028,159.0,18.0,1.0
1029,440.0,312.0,1.0
1030,331.0,112.0,1.0
1031,0.0,284.0,1.0
1032,480.0,211.0,1.0
1033,281.0,82.0,1.0
1034,115.0,12.0,1.0
1035,389.0,147.0,1.0
1036,179.0,109.0,1.0
1037,229.0,103.0,1.0
1038,190.0,82.0,1.0
1039,211.0,210.0,1.0
1040,125.0,42.0,1.0
1041,502.0,70.0,1.0
1042,482.0,299.0,1.0
1043,358.0,147.0,1.0
1044,343.0,201.0,1.0
1045,466.0,86.0,1.0
1046,145.0,280.0,1.0
1047,24.0,117.0,1.0
1048,425.0,102.0,1.0
1049,331.0,160.0,1.0
1050,80.0,117.0,1.0
1051,172.0,117.0,1.0
1052,541.0,74.0,1.0
1053,203.0,174.0,1.0
1054,4.0,51.0,1.0
1055,186.0,62.0,1.0
1056,156.0,155.0,1.0
1057,231.0,112.0,1.0
1058,252.0,93.0,1.0
1059,519.0,302.0,1.0
1060,188.0,101.0,1.0
1061,441.0,82.0,1.0
1062,362.0,108.0,1.0
1063,229.0,23.0,1.0
1064,475.0,168.0,1.0
1065,363.0,269.0,1.0
1066,35.0,250.0,1.0
1067,396.0,86.0,1.0
1068,166.0,19.0,1.0
1069,412.0,151.0,1.0
1070,87.0,53.0,1.0
1071,307.0,183.0,1.0
1072,546.0,249.0,1.0
1073,333.0,29.0,1.0
1074,375.0,218.0,1.0
1075,366.0,108.0,1.0
1076,133.0,78.0,1.0
1077,143.0,230.0,1.0
1078,12.0,158.0,1.0
1079,387.0,86.0,1.0
1080,51.0,162.0,1.0
1081,113.0,155.0,1.0
1082,256.0,72.0,1.0
1083,232.0,73.0,1.0
1084,483.0,128.0,1.0
1085,226.0,148.0,1.0
1086,476.0,23.0,1.0
1087,586.0,291.0,1.0
1088,159.0,259.0,1.0
1089,395.0,269.0,1.0
1090,414.0,162.0,1.0
1091,297.0,118.0,1.0
1092,96.0,307.0,1.0
1093,222.0,135.0,1.0
1094,520.0,17.0,1.0
1095,190.0,108.0,1.0
1096,55.0,86.0,1.0
1097,276.0,61.0,1.0
1098,20.0,197.0,1.0
1099,493.0,69.0,1.0
1100,301.0,86.0,1.0
1101,356.0,264.0,1.0
1102,236.0,251.0,1.0
1103,420.0,8.0,1.0
1104,318.0,260.0,1.0
1105,582.0,257.0,1.0
1106,133.0,310.0,1.0
1107,582.0,131.0,1.0
1108,152.0,37.0,1.0
1109,205.0,75.0,1.0
1110,49.0,102.0,1.0
1111,370.0,156.0,1.0
1112,365.0,312.0,1.0
1113,31.0,144.0,1.0
1114,252.0,94.0,1.0
1115,413.0,276.0,1.0
1116,231.0,293.0,1.0
1117,571.0,169.0,1.0
1118,460.0,15.0,1.0
1119,29.0,68.0,1.0
1120,524.0,86.0,1.0
1121,363.0,166.0,1.0
1122,369.0,280.0,1.0
1123,328.0,300.0,1.0
1124,341.0,160.0,1.0
1125,338.0,218.0,1.0
1126,424.0,241.0,1.0
1127,84.0,206.0,1.0
1128,212.0,214.0,1.0
1129,244.0,108.0,1.0
1130,421.0,133.0,1.0
1131,309.0,32.0,1.0
1132,521.0,276.0,1.0
1133,105.0,269.0,1.0
1134,520.0,103.0,1.0
1135,160.0,108.0,1.0
1136,327.0,310.0,1.0
1137,95.0,102.0,1.0
1138,48.0,117.0,1.0
1139,375.0,174.0,1.0
1140,376.0,109.0,1.0
1141,500.0,108.0,1.0
1142,473.0,230.0,1.0
1143,412.0,284.0,1.0
1144,417.0,31.0,1.0
1145,306.0,211.0,1.0
1146,484.0,263.0,1.0
1147,104.0,139.0,1.0
1148,154.0,108.0,1.0
1149,340.0,86.0,1.0
1150,214.0,8.0,1.0
1151,563.0,119.0,1.0
1152,486.0,116.0,1.0
1153,12.0,198.0,1.0
1154,397.0,79.0,1.0
1155,58.0,102.0,1.0
1156,308.0,147.0,1.0
1157,225.0,181.0,1.0
1158,522.0,61.0,1.0
1159,352.0,241.0,1.0
1160,296.0,305.0,1.0
1161,423.0,234.0,1.0
1162,171.0,86.0,1.0
1163,199.0,48.0,1.0
1164,48.0,182.0,1.0
1165,313.0,305.0,1.0
1166,268.0,162.0,1.0
1167,563.0,118.0,1.0
1168,314.0,86.0,1.0
1169,203.0,312.0,1.0
1170,526.0,80.0,1.0
1171,405.0,241.0,1.0
1172,139.0,311.0,1.0
1173,31.0,117.0,1.0
1174,405.0,66.0,1.0
1175,26.0,108.0,1.0
1176,487.0,299.0,1.0
1177,19.0,287.0,1.0
1178,90.0,241.0,1.0
1179,232.0,86.0,1.0
1180,168.0,61.0,1.0
1181,160.0,312.0,1.0
1182,531.0,190.0,1.0
1183,333.0,45.0,1.0
1184,537.0,264.0,1.0
1185,356.0,251.0,1.0
1186,322.0,269.0,1.0
1187,456.0,160.0,1.0
1188,59.0,220.0,1.0
1189,173.0,66.0,1.0
1190,282.0,135.0,1.0
1191,211.0,86.0,1.0
1192,215.0,211.0,1.0
1193,312.0,105.0,1.0
1194,222.0,0.0,1.0
1195,137.0,118.0,1.0
1196,365.0,166.0,1.0
1197,421.0,232.0,1.0
1198,328.0,262.0,1.0
1199,49.0,296.0,1.0
1200,184.0,19.0,1.0
1201,450.0,160.0,1.0
1202,311.0,69.0,1.0
1203,519.0,301.0,1.0
1204,591.0,147.0,1.0
1205,190.0,312.0,1.0
1206,338.0,312.0,1.0
1207,213.0,312.0,1.0
1208,354.0,79.0,1.0
1209,418.0,19.0,1.0
1210,415.0,241.0,1.0
1211,487.0,108.0,1.0
1212,188.0,221.0,1.0
1213,454.0,23.0,1.0
1214,454.0,162.0,1.0
1215,225.0,192.0,1.0
1216,214.0,19.0,1.0
1217,356.0,174.0,1.0
1218,93.0,7.0,1.0
1219,47.0,174.0,1.0
1220,537.0,192.0,1.0
1221,230.0,185.0,1.0
1222,549.0,35.0,1.0
1223,71.0,230.0,1.0
1224,403.0,42.0,1.0
1225,537.0,212.0,1.0
1226,434.0,232.0,1.0
1227,19.0,244.0,1.0
1228,402.0,86.0,1.0
1229,289.0,264.0,1.0
1230,506.0,206.0,1.0
1231,281.0,108.0,1.0
1232,342.0,166.0,1.0
1233,316.0,136.0,1.0
1234,110.0,147.0,1.0
1235,138.0,83.0,1.0
1236,549.0,34.0,1.0
1237,364.0,108.0,1.0
1238,397.0,102.0,1.0
1239,231.0,305.0,1.0
1240,357.0,160.0,1.0
1241,185.0,112.0,1.0
1242,526.0,196.0,1.0
1243,291.0,155.0,1.0
1244,381.0,146.0,1.0
1245,247.0,293.0,1.0
1246,533.0,88.0,1.0
1247,293.0,155.0,1.0
1248,416.0,108.0,1.0
1249,259.0,264.0,1.0
1250,195.0,14.0,1.0
1251,245.0,3.0,1.0
1252,293.0,257.0,1.0
1253,49.0,298.0,1.0
1254,0.0,274.0,1.0
1255,199.0,238.0,1.0
1256,237.0,8.0,1.0
1257,509.0,119.0,1.0
1258,300.0,42.0,1.0
1259,468.0,72.0,1.0
1260,155.0,69.0,1.0
1261,591.0,14.0,1.0
1262,538.0,118.0,1.0
1263,37.0,312.0,1.0
1264,247.0,66.0,1.0
1265,552.0,288.0,1.0
1266,430.0,75.0,1.0
1267,194.0,293.0,1.0
1268,523.0,61.0,1.0
1269,179.0,210.0,1.0
1270,233.0,112.0,1.0
1271,423.0,303.0,1.0
1272,78.0,71.0,1.0
1273,321.0,240.0,1.0
1274,544.0,128.0,1.0
1275,341.0,66.0,1.0
1276,247.0,160.0,1.0
1277,252.0,141.0,1.0
1278,183.0,214.0,1.0
1279,169.0,240.0,1.0
1280,539.0,109.0,1.0
1281,67.0,63.0,1.0
1282,328.0,177.0,1.0
1283,99.0,119.0,1.0
1284,349.0,31.0,1.0
1285,417.0,118.0,1.0
1286,210.0,162.0,1.0
1287,259.0,93.0,1.0
1288,199.0,16.0,1.0
1289,381.0,300.0,1.0
1290,329.0,3.0,1.0
1291,185.0,56.0,1.0
1292,237.0,66.0,1.0
1293,506.0,193.0,1.0
1294,138.0,278.0,1.0
1295,212.0,181.0,1.0
1296,441.0,312.0,1.0
1297,242.0,312.0,1.0
1298,267.0,20.0,1.0
1299,545.0,181.0,1.0
1300,145.0,116.0,1.0
1301,97.0,79.0,1.0
1302,481.0,34.0,1.0
1303,456.0,112.0,1.0
1304,521.0,206.0,1.0
1305,385.0,102.0,1.0
1306,45.0,103.0,1.0
1307,412.0,175.0,1.0
1308,407.0,26.0,1.0
1309,0.0,128.0,1.0
1310,112.0,108.0,1.0
1311,212.0,204.0,1.0
1312,577.0,135.0,1.0
1313,48.0,183.0,1.0
1314,332.0,30.0,1.0
1315,95.0,79.0,1.0
1316,107.0,109.0,1.0
1317,377.0,108.0,1.0
1318,34.0,118.0,1.0
1319,86.0,86.0,1.0
1320,92.0,312.0,1.0
1321,556.0,160.0,1.0
1322,289.0,161.0,1.0
1323,333.0,47.0,1.0
1324,464.0,277.0,1.0
1325,307.0,60.0,1.0
1326,101.0,312.0,1.0
1327,328.0,285.0,1.0
1328,225.0,235.0,1.0
1329,498.0,22.0,1.0
1330,45.0,83.0,1.0
1331,196.0,138.0,1.0
1332,137.0,31.0,1.0
1333,354.0,307.0,1.0
1334,113.0,261.0,1.0
1335,259.0,84.0,1.0
1336,424.0,16.0,1.0
1337,569.0,174.0,1.0
1338,138.0,62.0,1.0
1339,229.0,17.0,1.0
1340,485.0,37.0,1.0
1341,502.0,29.0,1.0
1342,158.0,79.0,1.0
1343,307.0,138.0,1.0
1344,283.0,260.0,1.0
1345,424.0,167.0,1.0
1346,132.0,182.0,1.0
1347,245.0,288.0,1.0
1348,70.0,108.0,1.0
1349,135.0,174.0,1.0
1350,259.0,192.0,1.0
1351,419.0,305.0,1.0
1352,49.0,297.0,1.0
1353,168.0,62.0,1.0
1354,355.0,98.0,1.0
1355,47.0,312.0,1.0
1356,283.0,299.0,1.0
1357,545.0,241.0,1.0
1358,209.0,178.0,1.0
1359,423.0,285.0,1.0
1360,481.0,35.0,1.0
1361,62.0,60.0,1.0
1362,508.0,19.0,1.0
1363,310.0,162.0,1.0
1364,146.0,108.0,1.0
1365,26.0,312.0,1.0
1366,491.0,97.0,1.0
1367,186.0,278.0,1.0
1368,34.0,31.0,1.0
1369,144.0,21.0,1.0
1370,245.0,42.0,1.0
1371,53.0,312.0,1.0
1372,556.0,305.0,1.0
1373,432.0,204.0,1.0
1374,275.0,299.0,1.0
1375,475.0,22.0,1.0
1376,481.0,265.0,1.0
1377,212.0,15.0,1.0
1378,432.0,181.0,1.0
1379,530.0,109.0,1.0
1380,519.0,308.0,1.0
1381,103.0,50.0,1.0
1382,175.0,254.0,1.0
1383,353.0,98.0,1.0
1384,103.0,112.0,1.0
1385,496.0,108.0,1.0
1386,423.0,300.0,1.0
1387,424.0,19.0,1.0
1388,73.0,269.0,1.0
1389,225.0,48.0,1.0
1390,130.0,118.0,1.0
1391,387.0,155.0,1.0
1392,167.0,14.0,1.0
1393,397.0,273.0,1.0
1394,537.0,241.0,1.0
1395,501.0,155.0,1.0
1396,233.0,305.0,1.0
1397,296.0,293.0,1.0
1398,517.0,130.0,1.0
1399,507.0,299.0,1.0
1400,71.0,102.0,1.0
1401,559.0,177.0,1.0
1402,80.0,86.0,1.0
1403,461.0,105.0,1.0
1404,270.0,39.0,1.0
1405,544.0,241.0,1.0
1406,127.0,79.0,1.0
1407,469.0,72.0,1.0
1408,81.0,258.0,1.0
1409,180.0,5.0,1.0
1410,193.0,128.0,1.0
1411,270.0,197.0,1.0
1412,499.0,241.0,1.0
1413,316.0,241.0,1.0
1414,471.0,128.0,1.0
1415,441.0,34.0,1.0
1416,271.0,108.0,1.0
1417,110.0,263.0,1.0
1418,360.0,230.0,1.0
1419,501.0,107.0,1.0
1420,529.0,162.0,1.0
1421,289.0,108.0,1.0
1422,472.0,117.0,1.0
1423,31.0,210.0,1.0
1424,290.0,246.0,1.0
1425,288.0,181.0,1.0
1426,501.0,102.0,1.0
1427,353.0,241.0,1.0
1428,223.0,79.0,1.0
1429,303.0,8.0,1.0
1430,225.0,193.0,1.0
1431,459.0,12.0,1.0
1432,239.0,86.0,1.0
1433,339.0,31.0,1.0
1434,29.0,86.0,1.0
1435,287.0,97.0,1.0
1436,511.0,108.0,1.0
1437,471.0,19.0,1.0
1438,543.0,108.0,1.0
1439,519.0,303.0,1.0
1440,195.0,251.0,1.0
1441,103.0,49.0,1.0
1442,178.0,269.0,1.0
1443,115.0,151.0,1.0
1444,29.0,41.0,1.0
1445,493.0,117.0,1.0
1446,404.0,16.0,1.0
1447,181.0,111.0,1.0
1448,257.0,90.0,1.0
1449,29.0,38.0,1.0
1450,279.0,31.0,1.0
1451,199.0,137.0,1.0
1452,409.0,108.0,1.0
1453,93.0,135.0,1.0
1454,326.0,137.0,1.0
1455,76.0,23.0,1.0
1456,463.0,177.0,1.0
1457,225.0,93.0,1.0
1458,19.0,191.0,1.0
1459,95.0,66.0,1.0
1460,144.0,143.0,1.0
1461,335.0,312.0,1.0
1462,51.0,269.0,1.0
1463,105.0,166.0,1.0
1464,304.0,130.0,1.0
1465,356.0,87.0,1.0
1466,52.0,35.0,1.0
1467,39.0,66.0,1.0
1468,108.0,103.0,1.0
1469,234.0,172.0,1.0
1470,397.0,305.0,1.0
1471,289.0,166.0,1.0
1472,426.0,33.0,1.0
1473,94.0,102.0,1.0
1474,215.0,210.0,1.0
1475,2.0,274.0,1.0
1476,48.0,306.0,1.0
1477,311.0,38.0,1.0
1478,13.0,154.0,1.0
1479,405.0,84.0,1.0
1480,326.0,193.0,1.0
1481,534.0,79.0,1.0
1482,278.0,265.0,1.0
1483,134.0,287.0,1.0
1484,397.0,112.0,1.0
1485,163.0,288.0,1.0
1486,172.0,266.0,1.0
1487,226.0,41.0,1.0
1488,520.0,147.0,1.0
1489,294.0,48.0,1.0
1490,197.0,79.0,1.0
1491,390.0,220.0,1.0
1492,47.0,82.0,1.0
1493,334.0,232.0,1.0
1494,504.0,79.0,1.0
1495,176.0,155.0,1.0
1496,32.0,312.0,1.0
1497,350.0,86.0,1.0
1498,313.0,293.0,1.0
1499,64.0,6.0,1.0
1500,412.0,258.0,1.0
1501,365.0,108.0,1.0
1502,48.0,138.0,1.0
1503,287.0,190.0,1.0
1504,559.0,197.0,1.0
1505,331.0,66.0,1.0
1506,406.0,108.0,1.0
1507,47.0,161.0,1.0
1508,164.0,32.0,1.0
1509,537.0,94.0,1.0
1510,297.0,119.0,1.0
1511,307.0,306.0,1.0
1512,10.0,66.0,1.0
1513,519.0,285.0,1.0
1514,78.0,114.0,1.0
1515,427.0,269.0,1.0
1516,124.0,79.0,1.0
1517,65.0,241.0,1.0
1518,97.0,102.0,1.0
1519,286.0,108.0,1.0
1520,372.0,86.0,1.0
1521,296.0,112.0,1.0
1522,377.0,61.0,1.0
1523,393.0,86.0,1.0
1524,225.0,58.0,1.0
1525,10.0,160.0,1.0
1526,476.0,225.0,1.0
1527,21.0,183.0,1.0
1528,11.0,180.0,1.0
1529,158.0,138.0,1.0
1530,226.0,6.0,1.0
1531,460.0,193.0,1.0
1532,68.0,311.0,1.0
1533,59.0,38.0,1.0
1534,421.0,211.0,1.0
1535,410.0,225.0,1.0
1536,24.0,109.0,1.0
1537,353.0,235.0,1.0
1538,493.0,230.0,1.0
1539,587.0,288.0,1.0
1540,557.0,197.0,1.0
1541,64.0,177.0,1.0
1542,3.0,280.0,1.0
1543,79.0,35.0,1.0
1544,272.0,175.0,1.0
1545,470.0,22.0,1.0
1546,540.0,114.0,0.0
1547,294.0,50.0,0.0
1548,589.0,174.0,0.0
1549,534.0,58.0,0.0
1550,352.0,112.0,0.0
1551,389.0,40.0,0.0
1552,511.0,130.0,0.0
1553,256.0,94.0,0.0
1554,502.0,146.0,0.0
1555,153.0,122.0,0.0
1556,189.0,133.0,0.0
1557,587.0,238.0,0.0
1558,308.0,305.0,0.0
1559,418.0,77.0,0.0
1560,537.0,91.0,0.0
1561,256.0,92.0,0.0
1562,543.0,161.0,0.0
1563,1.0,251.0,0.0
1564,426.0,10.0,0.0
1565,113.0,62.0,0.0
1566,530.0,12.0,0.0
1567,415.0,112.0,0.0
1568,565.0,296.0,0.0
1569,212.0,42.0,0.0
1570,560.0,266.0,0.0
1571,40.0,119.0,0.0
1572,354.0,171.0,0.0
1573,252.0,288.0,0.0
1574,486.0,14.0,0.0
1575,581.0,214.0,0.0
1576,201.0,285.0,0.0
1577,114.0,247.0,0.0
1578,523.0,89.0,0.0
1579,378.0,125.0,0.0
1580,327.0,71.0,0.0
1581,312.0,184.0,0.0
1582,399.0,184.0,0.0
1583,104.0,233.0,0.0
1584,468.0,301.0,0.0
1585,90.0,91.0,0.0
1586,439.0,73.0,0.0
1587,310.0,66.0,0.0
1588,164.0,112.0,0.0
1589,555.0,16.0,0.0
1590,274.0,109.0,0.0
1591,496.0,67.0,0.0
1592,19.0,291.0,0.0
1593,327.0,210.0,0.0
1594,197.0,203.0,0.0
1595,46.0,93.0,0.0
1596,526.0,197.0,0.0
1597,420.0,102.0,0.0
1598,220.0,200.0,0.0
1599,374.0,277.0,0.0
1600,180.0,221.0,0.0
1601,340.0,261.0,0.0
1602,348.0,126.0,0.0
1603,32.0,246.0,0.0
1604,556.0,234.0,0.0
1605,338.0,15.0,0.0
1606,295.0,305.0,0.0
1607,546.0,143.0,0.0
1608,498.0,137.0,0.0
1609,146.0,177.0,0.0
1610,48.0,114.0,0.0
1611,454.0,293.0,0.0
1612,155.0,291.0,0.0
1613,250.0,179.0,0.0
1614,367.0,257.0,0.0
1615,213.0,207.0,0.0
1616,561.0,230.0,0.0
1617,498.0,128.0,0.0
1618,537.0,163.0,0.0
1619,459.0,147.0,0.0
1620,317.0,287.0,0.0
1621,133.0,167.0,0.0
1622,375.0,5.0,0.0
1623,69.0,220.0,0.0
1624,505.0,187.0,0.0
1625,323.0,285.0,0.0
1626,233.0,0.0,0.0
1627,352.0,183.0,0.0
1628,545.0,106.0,0.0
1629,157.0,159.0,0.0
1630,174.0,20.0,0.0
1631,540.0,46.0,0.0
1632,376.0,208.0,0.0
1633,56.0,292.0,0.0
1634,558.0,310.0,0.0
1635,337.0,216.0,0.0
1636,42.0,238.0,0.0
1637,206.0,247.0,0.0
1638,146.0,281.0,0.0
1639,209.0,15.0,0.0
1640,281.0,94.0,0.0
1641,119.0,47.0,0.0
1642,150.0,41.0,0.0
1643,19.0,78.0,0.0
1644,420.0,97.0,0.0
1645,208.0,231.0,0.0
1646,444.0,260.0,0.0
1647,553.0,153.0,0.0
1648,26.0,38.0,0.0
1649,462.0,19.0,0.0
1650,212.0,34.0,0.0
1651,106.0,221.0,0.0
1652,520.0,211.0,0.0
1653,342.0,180.0,0.0
1654,269.0,277.0,0.0
1655,340.0,289.0,0.0
1656,418.0,307.0,0.0
1657,117.0,61.0,0.0
1658,552.0,160.0,0.0
1659,589.0,207.0,0.0
1660,393.0,97.0,0.0
1661,435.0,72.0,0.0
1662,516.0,187.0,0.0
1663,119.0,168.0,0.0
1664,475.0,5.0,0.0
1665,207.0,140.0,0.0
1666,490.0,259.0,0.0
1667,83.0,238.0,0.0
1668,311.0,300.0,0.0
1669,528.0,54.0,0.0
1670,241.0,310.0,0.0
1671,385.0,149.0,0.0
1672,96.0,157.0,0.0
1673,448.0,55.0,0.0
1674,273.0,190.0,0.0
1675,92.0,225.0,0.0
1676,158.0,8.0,0.0
1677,70.0,176.0,0.0
1678,265.0,285.0,0.0
1679,248.0,65.0,0.0
1680,33.0,162.0,0.0
1681,520.0,310.0,0.0
1682,397.0,309.0,0.0
1683,307.0,41.0,0.0
1684,282.0,48.0,0.0
1685,379.0,100.0,0.0
1686,427.0,39.0,0.0
1687,143.0,283.0,0.0
1688,172.0,271.0,0.0
1689,213.0,62.0,0.0
1690,9.0,210.0,0.0
1691,438.0,154.0,0.0
1692,346.0,303.0,0.0
1693,371.0,152.0,0.0
1694,344.0,267.0,0.0
1695,107.0,233.0,0.0
1696,324.0,3.0,0.0
1697,332.0,184.0,0.0
1698,8.0,185.0,0.0
1699,353.0,199.0,0.0
1700,401.0,87.0,0.0
1701,124.0,81.0,0.0
1702,418.0,171.0,0.0
1703,452.0,41.0,0.0
1704,305.0,16.0,0.0
1705,262.0,41.0,0.0
1706,55.0,178.0,0.0
1707,137.0,140.0,0.0
1708,436.0,136.0,0.0
1709,495.0,35.0,0.0
1710,125.0,247.0,0.0
1711,223.0,274.0,0.0
1712,58.0,232.0,0.0
1713,234.0,9.0,0.0
1714,242.0,195.0,0.0
1715,46.0,291.0,0.0
1716,24.0,72.0,0.0
1717,438.0,26.0,0.0
1718,487.0,274.0,0.0
1719,121.0,249.0,0.0
1720,349.0,0.0,0.0
1721,555.0,281.0,0.0
1722,448.0,288.0,0.0
1723,41.0,61.0,0.0
1724,266.0,79.0,0.0
1725,582.0,129.0,0.0
1726,338.0,221.0,0.0
1727,193.0,266.0,0.0
1728,252.0,85.0,0.0
1729,575.0,142.0,0.0
1730,248.0,139.0,0.0
1731,375.0,191.0,0.0
1732,324.0,177.0,0.0
1733,34.0,245.0,0.0
1734,419.0,164.0,0.0
1735,383.0,298.0,0.0
1736,152.0,199.0,0.0
1737,187.0,40.0,0.0
1738,47.0,169.0,0.0
1739,288.0,164.0,0.0
1740,519.0,146.0,0.0
1741,413.0,231.0,0.0
1742,243.0,4.0,0.0
1743,80.0,282.0,0.0
1744,188.0,248.0,0.0
1745,451.0,16.0,0.0
1746,28.0,235.0,0.0
1747,373.0,307.0,0.0
1748,165.0,219.0,0.0
1749,443.0,35.0,0.0
1750,538.0,64.0,0.0
1751,34.0,179.0,0.0
1752,207.0,246.0,0.0
1753,86.0,176.0,0.0
1754,343.0,247.0,0.0
1755,560.0,270.0,0.0
1756,474.0,163.0,0.0
1757,0.0,208.0,0.0
1758,39.0,174.0,0.0
1759,400.0,0.0,0.0
1760,284.0,156.0,0.0
1761,373.0,16.0,0.0
1762,99.0,270.0,0.0
1763,300.0,37.0,0.0
1764,46.0,28.0,0.0
1765,446.0,156.0,0.0
1766,454.0,184.0,0.0
1767,226.0,70.0,0.0
1768,293.0,18.0,0.0
1769,45.0,174.0,0.0
1770,567.0,44.0,0.0
1771,201.0,210.0,0.0
1772,505.0,298.0,0.0
1773,162.0,296.0,0.0
1774,422.0,253.0,0.0
1775,88.0,20.0,0.0
1776,85.0,220.0,0.0
1777,216.0,22.0,0.0
1778,217.0,50.0,0.0
1779,362.0,55.0,0.0
1780,177.0,89.0,0.0
1781,569.0,159.0,0.0
1782,224.0,63.0,0.0
1783,214.0,195.0,0.0
1784,246.0,90.0,0.0
1785,572.0,1.0,0.0
1786,304.0,118.0,0.0
1787,503.0,224.0,0.0
1788,208.0,62.0,0.0
1789,573.0,145.0,0.0
1790,118.0,179.0,0.0
1791,280.0,8.0,0.0
1792,349.0,3.0,0.0
1793,401.0,23.0,0.0
1794,288.0,102.0,0.0
1795,525.0,85.0,0.0
1796,58.0,229.0,0.0
1797,194.0,287.0,0.0
1798,239.0,39.0,0.0
1799,492.0,138.0,0.0
1800,283.0,70.0,0.0
1801,273.0,20.0,0.0
1802,19.0,148.0,0.0
1803,39.0,266.0,0.0
1804,36.0,202.0,0.0
1805,331.0,202.0,0.0
1806,92.0,91.0,0.0
1807,76.0,232.0,0.0
1808,332.0,187.0,0.0
1809,230.0,134.0,0.0
1810,111.0,138.0,0.0
1811,262.0,271.0,0.0
1812,194.0,102.0,0.0
1813,277.0,46.0,0.0
1814,70.0,59.0,0.0
1815,333.0,34.0,0.0
1816,435.0,211.0,0.0
1817,231.0,224.0,0.0
1818,336.0,80.0,0.0
1819,313.0,11.0,0.0
1820,172.0,180.0,0.0
1821,432.0,253.0,0.0
1822,188.0,189.0,0.0
1823,105.0,204.0,0.0
1824,47.0,137.0,0.0
1825,147.0,309.0,0.0
1826,150.0,169.0,0.0
1827,215.0,152.0,0.0
1828,465.0,38.0,0.0
1829,580.0,65.0,0.0
1830,116.0,265.0,0.0
1831,545.0,252.0,0.0
1832,554.0,85.0,0.0
1833,174.0,282.0,0.0
1834,276.0,239.0,0.0
1835,222.0,190.0,0.0
1836,54.0,135.0,0.0
1837,393.0,191.0,0.0
1838,419.0,217.0,0.0
1839,153.0,189.0,0.0
1840,393.0,174.0,0.0
1841,220.0,248.0,0.0
1842,377.0,82.0,0.0
1843,383.0,104.0,0.0
1844,391.0,254.0,0.0
1845,284.0,219.0,0.0
1846,270.0,77.0,0.0
1847,82.0,163.0,0.0
1848,172.0,262.0,0.0
1849,385.0,136.0,0.0
1850,119.0,23.0,0.0
1851,370.0,39.0,0.0
1852,528.0,185.0,0.0
1853,110.0,142.0,0.0
1854,277.0,165.0,0.0
1855,175.0,102.0,0.0
1856,22.0,6.0,0.0
1857,587.0,108.0,0.0
1858,456.0,231.0,0.0
1859,151.0,181.0,0.0
1860,329.0,192.0,0.0
1861,375.0,144.0,0.0
1862,42.0,308.0,0.0
1863,126.0,0.0,0.0
1864,217.0,218.0,0.0
1865,588.0,164.0,0.0
1866,462.0,86.0,0.0
1867,212.0,205.0,0.0
1868,567.0,57.0,0.0
1869,48.0,128.0,0.0
1870,454.0,290.0,0.0
1871,78.0,82.0,0.0
1872,494.0,249.0,0.0
1873,530.0,163.0,0.0
1874,389.0,113.0,0.0
1875,336.0,57.0,0.0
1876,583.0,124.0,0.0
1877,553.0,160.0,0.0
1878,116.0,139.0,0.0
1879,200.0,248.0,0.0
1880,249.0,153.0,0.0
1881,398.0,33.0,0.0
1882,473.0,4.0,0.0
1883,366.0,224.0,0.0
1884,383.0,162.0,0.0
1885,149.0,168.0,0.0
1886,60.0,285.0,0.0
1887,183.0,144.0,0.0
1888,97.0,252.0,0.0
1889,345.0,255.0,0.0
1890,166.0,219.0,0.0
1891,393.0,19.0,0.0
1892,47.0,291.0,0.0
1893,67.0,8.0,0.0
1894,267.0,90.0,0.0
1895,135.0,134.0,0.0
1896,290.0,234.0,0.0
1897,23.0,66.0,0.0
1898,189.0,62.0,0.0
1899,488.0,63.0,0.0
1900,508.0,13.0,0.0
1901,243.0,228.0,0.0
1902,54.0,241.0,0.0
1903,253.0,42.0,0.0
1904,152.0,182.0,0.0
1905,53.0,55.0,0.0
1906,41.0,138.0,0.0
1907,159.0,37.0,0.0
1908,112.0,164.0,0.0
1909,54.0,161.0,0.0
1910,504.0,227.0,0.0
1911,536.0,309.0,0.0
1912,225.0,223.0,0.0
1913,233.0,183.0,0.0
1914,163.0,49.0,0.0
1915,373.0,28.0,0.0
1916,279.0,259.0,0.0
1917,510.0,27.0,0.0
1918,196.0,80.0,0.0
1919,561.0,269.0,0.0
1920,255.0,281.0,0.0
1921,160.0,135.0,0.0
1922,237.0,117.0,0.0
1923,127.0,162.0,0.0
1924,238.0,288.0,0.0
1925,396.0,178.0,0.0
1926,417.0,122.0,0.0
1927,223.0,99.0,0.0
1928,7.0,89.0,0.0
1929,550.0,40.0,0.0
1930,307.0,99.0,0.0
1931,60.0,227.0,0.0
1932,529.0,191.0,0.0
1933,178.0,153.0,0.0
1934,434.0,23.0,0.0
1935,346.0,295.0,0.0
1936,10.0,188.0,0.0
1937,373.0,118.0,0.0
1938,51.0,259.0,0.0
1939,367.0,147.0,0.0
1940,544.0,188.0,0.0
1941,499.0,165.0,0.0
1942,142.0,121.0,0.0
1943,479.0,183.0,0.0
1944,509.0,23.0,0.0
1945,478.0,112.0,0.0
1946,28.0,30.0,0.0
1947,561.0,137.0,0.0
1948,534.0,191.0,0.0
1949,384.0,266.0,0.0
1950,24.0,31.0,0.0
1951,468.0,16.0,0.0
1952,39.0,144.0,0.0
1953,367.0,175.0,0.0
1954,90.0,206.0,0.0
1955,155.0,93.0,0.0
1956,236.0,144.0,0.0
1957,233.0,171.0,0.0
1958,590.0,13.0,0.0
1959,27.0,199.0,0.0
1960,547.0,98.0,0.0
1961,414.0,89.0,0.0
1962,338.0,27.0,0.0
1963,195.0,170.0,0.0
1964,360.0,246.0,0.0
1965,242.0,212.0,0.0
1966,145.0,264.0,0.0
1967,543.0,210.0,0.0
1968,226.0,283.0,0.0
1969,102.0,296.0,0.0
1970,235.0,35.0,0.0
1971,6.0,101.0,0.0
1972,547.0,230.0,0.0
1973,190.0,58.0,0.0
1974,407.0,5.0,0.0
1975,569.0,70.0,0.0
1976,144.0,176.0,0.0
1977,491.0,132.0,0.0
1978,173.0,230.0,0.0
1979,274.0,203.0,0.0
1980,410.0,274.0,0.0
1981,358.0,172.0,0.0
1982,176.0,74.0,0.0
1983,17.0,309.0,0.0
1984,516.0,107.0,0.0
1985,336.0,224.0,0.0
1986,13.0,135.0,0.0
1987,112.0,112.0,0.0
1988,92.0,147.0,0.0
1989,182.0,89.0,0.0
1990,496.0,244.0,0.0
1991,81.0,311.0,0.0
1992,168.0,227.0,0.0
1993,229.0,51.0,0.0
1994,554.0,91.0,0.0
1995,44.0,117.0,0.0
1996,272.0,270.0,0.0
1997,213.0,87.0,0.0
1998,124.0,300.0,0.0
1999,79.0,164.0,0.0
2000,204.0,233.0,0.0
2001,363.0,284.0,0.0
2002,81.0,171.0,0.0
2003,304.0,57.0,0.0
2004,231.0,265.0,0.0
2005,52.0,80.0,0.0
2006,276.0,268.0,0.0
2007,295.0,12.0,0.0
2008,3.0,51.0,0.0
2009,295.0,273.0,0.0
2010,515.0,124.0,0.0
2011,435.0,277.0,0.0
2012,290.0,117.0,0.0
2013,499.0,159.0,0.0
2014,210.0,224.0,0.0
2015,154.0,223.0,0.0
2016,9.0,105.0,0.0
2017,86.0,24.0,0.0
2018,4.0,11.0,0.0
2019,134.0,87.0,0.0
2020,533.0,158.0,0.0
2021,508.0,162.0,0.0
2022,235.0,104.0,0.0
2023,207.0,29.0,0.0
2024,27.0,11.0,0.0
2025,435.0,116.0,0.0
2026,128.0,267.0,0.0
2027,79.0,291.0,0.0
2028,268.0,67.0,0.0
2029,31.0,159.0,0.0
2030,292.0,150.0,0.0
2031,281.0,291.0,0.0
2032,356.0,305.0,0.0
2033,537.0,213.0,0.0
2034,190.0,298.0,0.0
2035,379.0,221.0,0.0
2036,528.0,212.0,0.0
2037,369.0,103.0,0.0
2038,312.0,137.0,0.0
2039,220.0,220.0,0.0
2040,529.0,215.0,0.0
2041,329.0,44.0,0.0
2042,396.0,124.0,0.0
2043,209.0,48.0,0.0
2044,295.0,156.0,0.0
2045,294.0,39.0,0.0
2046,363.0,141.0,0.0
2047,185.0,147.0,0.0
2048,407.0,7.0,0.0
2049,212.0,231.0,0.0
2050,544.0,71.0,0.0
2051,400.0,54.0,0.0
2052,480.0,260.0,0.0
2053,570.0,196.0,0.0
2054,28.0,225.0,0.0
2055,416.0,210.0,0.0
2056,154.0,113.0,0.0
2057,239.0,224.0,0.0
2058,431.0,309.0,0.0
2059,113.0,238.0,0.0
2060,445.0,252.0,0.0
2061,322.0,83.0,0.0
2062,250.0,278.0,0.0
2063,83.0,7.0,0.0
2064,227.0,273.0,0.0
2065,568.0,255.0,0.0
2066,38.0,250.0,0.0
2067,413.0,34.0,0.0
2068,534.0,234.0,0.0
2069,35.0,202.0,0.0
2070,71.0,235.0,0.0
2071,81.0,302.0,0.0
2072,173.0,193.0,0.0
2073,401.0,72.0,0.0
2074,118.0,274.0,0.0
2075,42.0,106.0,0.0
2076,2.0,143.0,0.0
2077,139.0,134.0,0.0
2078,434.0,85.0,0.0
2079,250.0,86.0,0.0
2080,515.0,101.0,0.0
2081,279.0,230.0,0.0
2082,2.0,13.0,0.0
2083,109.0,299.0,0.0
2084,475.0,189.0,0.0
2085,223.0,120.0,0.0
2086,434.0,267.0,0.0
2087,504.0,309.0,0.0
2088,476.0,149.0,0.0
2089,546.0,27.0,0.0
2090,0.0,172.0,0.0
2091,19.0,281.0,0.0
2092,260.0,268.0,0.0
2093,241.0,73.0,0.0
2094,29.0,103.0,0.0
2095,178.0,161.0,0.0
2096,455.0,221.0,0.0
2097,406.0,102.0,0.0
2098,242.0,170.0,0.0
2099,9.0,37.0,0.0
2100,311.0,25.0,0.0
2101,169.0,166.0,0.0
2102,511.0,126.0,0.0
2103,540.0,6.0,0.0
2104,483.0,65.0,0.0
2105,377.0,238.0,0.0
2106,314.0,31.0,0.0
2107,439.0,45.0,0.0
2108,451.0,70.0,0.0
2109,448.0,120.0,0.0
2110,430.0,167.0,0.0
2111,393.0,154.0,0.0
2112,169.0,189.0,0.0
2113,475.0,166.0,0.0
2114,112.0,92.0,0.0
2115,202.0,204.0,0.0
2116,136.0,229.0,0.0
2117,558.0,247.0,0.0
2118,209.0,246.0,0.0
2119,586.0,283.0,0.0
2120,401.0,213.0,0.0
2121,304.0,58.0,0.0
2122,552.0,232.0,0.0
2123,344.0,140.0,0.0
2124,255.0,84.0,0.0
2125,168.0,123.0,0.0
2126,431.0,71.0,0.0
2127,263.0,59.0,0.0
2128,80.0,264.0,0.0
2129,180.0,65.0,0.0
2130,541.0,308.0,0.0
2131,231.0,185.0,0.0
2132,133.0,271.0,0.0
2133,289.0,267.0,0.0
2134,17.0,312.0,0.0
2135,415.0,230.0,0.0
2136,100.0,221.0,0.0
2137,472.0,50.0,0.0
2138,269.0,249.0,0.0
2139,475.0,247.0,0.0
2140,319.0,274.0,0.0
2141,238.0,271.0,0.0
2142,492.0,9.0,0.0
2143,526.0,5.0,0.0
2144,34.0,158.0,0.0
2145,386.0,104.0,0.0
2146,580.0,309.0,0.0
2147,411.0,309.0,0.0
2148,101.0,236.0,0.0
2149,524.0,108.0,0.0
2150,315.0,156.0,0.0
2151,278.0,187.0,0.0
2152,557.0,167.0,0.0
2153,532.0,221.0,0.0
2154,55.0,76.0,0.0
2155,386.0,90.0,0.0
2156,401.0,203.0,0.0
2157,553.0,62.0,0.0
2158,169.0,247.0,0.0
2159,408.0,160.0,0.0
2160,585.0,131.0,0.0
2161,427.0,184.0,0.0
2162,151.0,156.0,0.0
2163,260.0,161.0,0.0
2164,587.0,47.0,0.0
2165,474.0,43.0,0.0
2166,28.0,214.0,0.0
2167,174.0,126.0,0.0
2168,333.0,216.0,0.0
2169,325.0,163.0,0.0
2170,501.0,129.0,0.0
2171,346.0,104.0,0.0
2172,245.0,251.0,0.0
2173,579.0,95.0,0.0
2174,114.0,274.0,0.0
2175,512.0,230.0,0.0
2176,242.0,90.0,0.0
2177,403.0,178.0,0.0
2178,556.0,252.0,0.0
2179,465.0,49.0,0.0
2180,357.0,304.0,0.0
2181,230.0,232.0,0.0
2182,395.0,158.0,0.0
2183,590.0,253.0,0.0
2184,115.0,236.0,0.0
2185,351.0,2.0,0.0
2186,409.0,177.0,0.0
2187,571.0,248.0,0.0
2188,504.0,19.0,0.0
2189,573.0,277.0,0.0
2190,581.0,61.0,0.0
2191,157.0,163.0,0.0
2192,250.0,169.0,0.0
2193,235.0,83.0,0.0
2194,49.0,63.0,0.0
2195,328.0,115.0,0.0
2196,26.0,260.0,0.0
2197,166.0,122.0,0.0
2198,535.0,274.0,0.0
2199,74.0,69.0,0.0
2200,165.0,67.0,0.0
2201,436.0,209.0,0.0
2202,407.0,2.0,0.0
2203,170.0,283.0,0.0
2204,68.0,234.0,0.0
2205,505.0,19.0,0.0
2206,274.0,302.0,0.0
2207,319.0,167.0,0.0
2208,70.0,256.0,0.0
2209,359.0,294.0,0.0
2210,481.0,187.0,0.0
2211,308.0,8.0,0.0
2212,157.0,60.0,0.0
2213,295.0,241.0,0.0
2214,14.0,232.0,0.0
2215,91.0,194.0,0.0
2216,379.0,249.0,0.0
2217,53.0,236.0,0.0
2218,380.0,250.0,0.0
2219,160.0,195.0,0.0
2220,490.0,83.0,0.0
2221,26.0,305.0,0.0
2222,385.0,107.0,0.0
2223,411.0,11.0,0.0
2224,69.0,10.0,0.0
2225,296.0,22.0,0.0
2226,556.0,25.0,0.0
2227,426.0,95.0,0.0
2228,138.0,160.0,0.0
2229,14.0,145.0,0.0
2230,446.0,206.0,0.0
2231,466.0,196.0,0.0
2232,545.0,286.0,0.0
2233,220.0,92.0,0.0
2234,535.0,40.0,0.0
2235,569.0,295.0,0.0
2236,532.0,124.0,0.0
2237,458.0,89.0,0.0
2238,50.0,67.0,0.0
2239,236.0,171.0,0.0
2240,207.0,155.0,0.0
2241,168.0,310.0,0.0
2242,458.0,133.0,0.0
2243,340.0,161.0,0.0
2244,571.0,100.0,0.0
2245,518.0,186.0,0.0
2246,179.0,125.0,0.0
2247,531.0,124.0,0.0
2248,53.0,300.0,0.0
2249,291.0,144.0,0.0
2250,356.0,154.0,0.0
2251,102.0,185.0,0.0
2252,290.0,68.0,0.0
2253,153.0,230.0,0.0
2254,186.0,126.0,0.0
2255,332.0,305.0,0.0
2256,578.0,263.0,0.0
2257,422.0,100.0,0.0
2258,160.0,77.0,0.0
2259,316.0,250.0,0.0
2260,508.0,158.0,0.0
2261,303.0,218.0,0.0
2262,501.0,245.0,0.0
2263,21.0,83.0,0.0
2264,350.0,172.0,0.0
2265,213.0,122.0,0.0
2266,133.0,232.0,0.0
2267,172.0,263.0,0.0
2268,279.0,190.0,0.0
2269,509.0,203.0,0.0
2270,118.0,48.0,0.0
2271,410.0,114.0,0.0
2272,522.0,205.0,0.0
2273,568.0,308.0,0.0
2274,173.0,120.0,0.0
2275,386.0,158.0,0.0
2276,478.0,177.0,0.0
2277,440.0,49.0,0.0
2278,375.0,196.0,0.0
2279,376.0,272.0,0.0
2280,166.0,269.0,0.0
2281,281.0,113.0,0.0
2282,460.0,270.0,0.0
2283,326.0,121.0,0.0
2284,428.0,74.0,0.0
2285,164.0,161.0,0.0
2286,66.0,200.0,0.0
2287,275.0,211.0,0.0
2288,487.0,168.0,0.0
2289,483.0,276.0,0.0
2290,33.0,236.0,0.0
2291,557.0,246.0,0.0
2292,511.0,1.0,0.0
2293,462.0,170.0,0.0
2294,164.0,87.0,0.0
2295,327.0,256.0,0.0
2296,49.0,145.0,0.0
2297,483.0,308.0,0.0
2298,310.0,155.0,0.0
2299,462.0,152.0,0.0
2300,214.0,34.0,0.0
2301,478.0,258.0,0.0
2302,371.0,234.0,0.0
2303,192.0,296.0,0.0
2304,573.0,19.0,0.0
2305,229.0,79.0,0.0
2306,183.0,24.0,0.0
2307,515.0,89.0,0.0
2308,300.0,221.0,0.0
2309,493.0,286.0,0.0
2310,58.0,43.0,0.0
2311,448.0,159.0,0.0
2312,72.0,93.0,0.0
2313,439.0,289.0,0.0
2314,35.0,59.0,0.0
2315,440.0,255.0,0.0
2316,266.0,241.0,0.0
2317,265.0,237.0,0.0
2318,297.0,141.0,0.0
2319,23.0,164.0,0.0
2320,233.0,23.0,0.0
2321,291.0,264.0,0.0
2322,154.0,53.0,0.0
2323,585.0,311.0,0.0
2324,536.0,16.0,0.0
2325,243.0,96.0,0.0
2326,524.0,183.0,0.0
2327,238.0,147.0,0.0
2328,65.0,137.0,0.0
2329,206.0,10.0,0.0
2330,377.0,87.0,0.0
2331,491.0,147.0,0.0
2332,418.0,244.0,0.0
2333,589.0,164.0,0.0
2334,60.0,143.0,0.0
2335,516.0,143.0,0.0
2336,90.0,69.0,0.0
2337,112.0,9.0,0.0
2338,205.0,56.0,0.0
2339,262.0,235.0,0.0
2340,512.0,196.0,0.0
2341,566.0,210.0,0.0
2342,382.0,268.0,0.0
2343,16.0,280.0,0.0
2344,439.0,219.0,0.0
2345,200.0,144.0,0.0
2346,508.0,86.0,0.0
2347,33.0,67.0,0.0
2348,287.0,107.0,0.0
2349,100.0,38.0,0.0
2350,580.0,9.0,0.0
2351,324.0,235.0,0.0
2352,185.0,115.0,0.0
2353,21.0,124.0,0.0
2354,489.0,192.0,0.0
2355,148.0,173.0,0.0
2356,478.0,11.0,0.0
2357,101.0,100.0,0.0
2358,12.0,165.0,0.0
2359,102.0,133.0,0.0
2360,257.0,79.0,0.0
2361,411.0,213.0,0.0
2362,261.0,186.0,0.0
2363,222.0,277.0,0.0
2364,334.0,113.0,0.0
2365,181.0,238.0,0.0
2366,484.0,225.0,0.0
2367,344.0,92.0,0.0
2368,234.0,67.0,0.0
2369,128.0,291.0,0.0
2370,199.0,121.0,0.0
2371,546.0,80.0,0.0
2372,513.0,203.0,0.0
2373,226.0,297.0,0.0
2374,69.0,156.0,0.0
2375,288.0,257.0,0.0
2376,3.0,262.0,0.0
2377,254.0,81.0,0.0
2378,152.0,154.0,0.0
2379,246.0,310.0,0.0
2380,319.0,225.0,0.0
2381,474.0,112.0,0.0
2382,528.0,256.0,0.0
2383,523.0,281.0,0.0
2384,277.0,257.0,0.0
2385,181.0,305.0,0.0
2386,202.0,203.0,0.0
2387,541.0,307.0,0.0
2388,483.0,15.0,0.0
2389,562.0,95.0,0.0
2390,13.0,286.0,0.0
2391,18.0,246.0,0.0
2392,242.0,24.0,0.0
2393,528.0,116.0,0.0
2394,320.0,262.0,0.0
2395,270.0,107.0,0.0
2396,549.0,112.0,0.0
2397,558.0,0.0,0.0
2398,137.0,19.0,0.0
2399,251.0,255.0,0.0
2400,375.0,82.0,0.0
2401,212.0,157.0,0.0
2402,572.0,93.0,0.0
2403,216.0,198.0,0.0
2404,192.0,187.0,0.0
2405,89.0,75.0,0.0
2406,163.0,31.0,0.0
2407,508.0,74.0,0.0
2408,492.0,72.0,0.0
2409,444.0,233.0,0.0
2410,299.0,7.0,0.0
2411,288.0,34.0,0.0
2412,384.0,82.0,0.0
2413,248.0,44.0,0.0
2414,218.0,36.0,0.0
2415,232.0,258.0,0.0
2416,362.0,57.0,0.0
2417,72.0,165.0,0.0
2418,344.0,127.0,0.0
2419,590.0,54.0,0.0
2420,537.0,85.0,0.0
2421,402.0,11.0,0.0
2422,122.0,291.0,0.0
2423,44.0,58.0,0.0
2424,394.0,309.0,0.0
2425,499.0,226.0,0.0
2426,424.0,150.0,0.0
2427,510.0,80.0,0.0
2428,193.0,248.0,0.0
2429,343.0,212.0,0.0
2430,563.0,13.0,0.0
2431,15.0,61.0,0.0
2432,543.0,286.0,0.0
2433,443.0,191.0,0.0
2434,441.0,28.0,0.0
2435,264.0,238.0,0.0
2436,477.0,76.0,0.0
2437,429.0,288.0,0.0
2438,197.0,189.0,0.0
2439,364.0,129.0,0.0
2440,116.0,304.0,0.0
2441,91.0,230.0,0.0
2442,331.0,83.0,0.0
2443,223.0,169.0,0.0
2444,163.0,78.0,0.0
2445,486.0,64.0,0.0
2446,209.0,10.0,0.0
2447,166.0,58.0,0.0
2448,326.0,98.0,0.0
2449,228.0,242.0,0.0
2450,342.0,51.0,0.0
2451,281.0,254.0,0.0
2452,243.0,151.0,0.0
2453,70.0,274.0,0.0
2454,364.0,98.0,0.0
2455,236.0,145.0,0.0
2456,220.0,132.0,0.0
2457,453.0,254.0,0.0
2458,133.0,182.0,0.0
2459,106.0,50.0,0.0
2460,431.0,80.0,0.0
2461,339.0,221.0,0.0
2462,451.0,50.0,0.0
2463,143.0,111.0,0.0
2464,347.0,311.0,0.0
2465,424.0,273.0,0.0
2466,341.0,271.0,0.0
2467,215.0,3.0,0.0
2468,365.0,212.0,0.0
2469,502.0,305.0,0.0
2470,474.0,256.0,0.0
2471,311.0,208.0,0.0
2472,403.0,308.0,0.0
2473,253.0,61.0,0.0
2474,536.0,140.0,0.0
2475,531.0,143.0,0.0
2476,201.0,84.0,0.0
2477,580.0,52.0,0.0
2478,517.0,21.0,0.0
2479,39.0,304.0,0.0
2480,379.0,224.0,0.0
2481,462.0,262.0,0.0
2482,369.0,279.0,0.0
2483,579.0,133.0,0.0
2484,513.0,223.0,0.0
2485,284.0,288.0,0.0
2486,344.0,171.0,0.0
2487,47.0,229.0,0.0
2488,137.0,96.0,0.0
2489,502.0,214.0,0.0
2490,39.0,230.0,0.0
2491,78.0,244.0,0.0
2492,177.0,191.0,0.0
2493,488.0,193.0,0.0
2494,46.0,23.0,0.0
2495,174.0,181.0,0.0
2496,211.0,205.0,0.0
2497,46.0,158.0,0.0
2498,185.0,270.0,0.0
2499,121.0,18.0,0.0
2500,236.0,59.0,0.0
2501,541.0,303.0,0.0
2502,22.0,196.0,0.0
2503,465.0,110.0,0.0
2504,50.0,12.0,0.0
2505,203.0,134.0,0.0
2506,486.0,122.0,0.0
2507,320.0,286.0,0.0
2508,291.0,62.0,0.0
2509,242.0,158.0,0.0
2510,527.0,151.0,0.0
2511,172.0,231.0,0.0
2512,119.0,142.0,0.0
2513,404.0,96.0,0.0
2514,532.0,72.0,0.0
2515,507.0,32.0,0.0
2516,72.0,90.0,0.0
2517,136.0,71.0,0.0
2518,495.0,145.0,0.0
2519,430.0,127.0,0.0
2520,402.0,108.0,0.0
2521,436.0,81.0,0.0
2522,134.0,10.0,0.0
2523,552.0,136.0,0.0
2524,463.0,113.0,0.0
2525,157.0,258.0,0.0
2526,45.0,146.0,0.0
2527,359.0,72.0,0.0
2528,56.0,215.0,0.0
2529,137.0,225.0,0.0
2530,164.0,143.0,0.0
2531,396.0,305.0,0.0
2532,101.0,157.0,0.0
2533,95.0,134.0,0.0
2534,273.0,29.0,0.0
2535,139.0,139.0,0.0
2536,453.0,33.0,0.0
2537,201.0,41.0,0.0
2538,323.0,1.0,0.0
2539,347.0,133.0,0.0
2540,360.0,276.0,0.0
2541,337.0,205.0,0.0
2542,507.0,254.0,0.0
2543,554.0,309.0,0.0
2544,265.0,136.0,0.0
2545,252.0,21.0,0.0
2546,517.0,249.0,0.0
2547,141.0,146.0,0.0
2548,339.0,18.0,0.0
2549,399.0,187.0,0.0
2550,244.0,116.0,0.0
2551,361.0,253.0,0.0
2552,587.0,203.0,0.0
2553,98.0,181.0,0.0
2554,360.0,25.0,0.0
2555,10.0,246.0,0.0
2556,10.0,179.0,0.0
2557,248.0,166.0,0.0
2558,356.0,30.0,0.0
2559,77.0,159.0,0.0
2560,203.0,101.0,0.0
2561,334.0,115.0,0.0
2562,382.0,218.0,0.0
2563,411.0,63.0,0.0
2564,189.0,174.0,0.0
2565,169.0,300.0,0.0
2566,227.0,169.0,0.0
2567,528.0,235.0,0.0
2568,387.0,46.0,0.0
2569,308.0,270.0,0.0
2570,515.0,15.0,0.0
2571,5.0,59.0,0.0
2572,519.0,92.0,0.0
2573,446.0,86.0,0.0
2574,62.0,138.0,0.0
2575,436.0,133.0,0.0
2576,78.0,308.0,0.0
2577,339.0,211.0,0.0
2578,270.0,308.0,0.0
2579,102.0,206.0,0.0
2580,471.0,180.0,0.0
2581,189.0,230.0,0.0
2582,209.0,176.0,0.0
2583,585.0,229.0,0.0
2584,515.0,20.0,0.0
2585,350.0,200.0,0.0
2586,477.0,205.0,0.0
2587,274.0,241.0,0.0
2588,157.0,32.0,0.0
2589,525.0,145.0,0.0
2590,240.0,181.0,0.0
2591,165.0,248.0,0.0
2592,187.0,255.0,0.0
2593,8.0,53.0,0.0
2594,318.0,159.0,0.0
2595,18.0,170.0,0.0
2596,585.0,83.0,0.0
2597,297.0,53.0,0.0
2598,438.0,144.0,0.0
2599,250.0,139.0,0.0
2600,142.0,110.0,0.0
2601,561.0,215.0,0.0
2602,494.0,173.0,0.0
2603,242.0,74.0,0.0
2604,319.0,233.0,0.0
2605,425.0,154.0,0.0
2606,411.0,75.0,0.0
2607,301.0,182.0,0.0
2608,243.0,286.0,0.0
2609,263.0,61.0,0.0
2610,166.0,164.0,0.0
2611,278.0,263.0,0.0
2612,484.0,156.0,0.0
2613,196.0,141.0,0.0
2614,492.0,225.0,0.0
2615,327.0,86.0,0.0
2616,241.0,76.0,0.0
2617,445.0,67.0,0.0
2618,579.0,90.0,0.0
2619,549.0,88.0,0.0
2620,260.0,205.0,0.0
2621,475.0,211.0,0.0
2622,191.0,122.0,0.0
2623,394.0,13.0,0.0
2624,232.0,150.0,0.0
2625,370.0,258.0,0.0
2626,66.0,3.0,0.0
2627,161.0,170.0,0.0
2628,75.0,244.0,0.0
2629,40.0,250.0,0.0
2630,290.0,32.0,0.0
2631,518.0,45.0,0.0
2632,301.0,91.0,0.0
2633,289.0,86.0,0.0
2634,445.0,99.0,0.0
2635,366.0,11.0,0.0
2636,347.0,167.0,0.0
2637,129.0,154.0,0.0
2638,198.0,296.0,0.0
2639,562.0,240.0,0.0
2640,140.0,152.0,0.0
2641,140.0,172.0,0.0
2642,78.0,178.0,0.0
2643,216.0,296.0,0.0
2644,3.0,91.0,0.0
2645,284.0,141.0,0.0
2646,231.0,171.0,0.0
2647,103.0,227.0,0.0
2648,416.0,96.0,0.0
2649,265.0,255.0,0.0
2650,537.0,164.0,0.0
2651,480.0,5.0,0.0
2652,220.0,120.0,0.0
2653,86.0,265.0,0.0
2654,5.0,35.0,0.0
2655,151.0,161.0,0.0
2656,300.0,216.0,0.0
2657,491.0,302.0,0.0
2658,171.0,67.0,0.0
2659,89.0,101.0,0.0
2660,33.0,40.0,0.0
2661,114.0,89.0,0.0
2662,506.0,70.0,0.0
2663,373.0,101.0,0.0
2664,392.0,128.0,0.0
2665,458.0,236.0,0.0
2666,546.0,35.0,0.0
2667,369.0,206.0,0.0
2668,110.0,0.0,0.0
2669,108.0,275.0,0.0
2670,389.0,80.0,0.0
2671,538.0,41.0,0.0
2672,46.0,227.0,0.0
2673,165.0,168.0,0.0
2674,11.0,96.0,0.0
2675,372.0,179.0,0.0
2676,451.0,226.0,0.0
2677,284.0,297.0,0.0
2678,253.0,133.0,0.0
2679,229.0,54.0,0.0
2680,76.0,134.0,0.0
2681,169.0,34.0,0.0
2682,552.0,34.0,0.0
2683,438.0,139.0,0.0
2684,6.0,308.0,0.0
2685,318.0,71.0,0.0
2686,106.0,248.0,0.0
2687,378.0,221.0,0.0
2688,36.0,170.0,0.0
2689,341.0,211.0,0.0
2690,342.0,295.0,0.0
2691,20.0,133.0,0.0
2692,90.0,76.0,0.0
2693,446.0,18.0,0.0
2694,248.0,122.0,0.0
2695,529.0,237.0,0.0
2696,102.0,182.0,0.0
2697,534.0,5.0,0.0
2698,18.0,206.0,0.0
2699,519.0,213.0,0.0
2700,565.0,131.0,0.0
2701,507.0,261.0,0.0
2702,66.0,15.0,0.0
2703,232.0,29.0,0.0
2704,57.0,290.0,0.0
2705,353.0,88.0,0.0
2706,61.0,150.0,0.0
2707,35.0,183.0,0.0
2708,443.0,209.0,0.0
2709,404.0,169.0,0.0
2710,33.0,145.0,0.0
2711,137.0,108.0,0.0
2712,190.0,39.0,0.0
2713,296.0,89.0,0.0
2714,420.0,288.0,0.0
2715,37.0,80.0,0.0
2716,311.0,30.0,0.0
2717,209.0,129.0,0.0
2718,208.0,180.0,0.0
2719,247.0,264.0,0.0
2720,136.0,210.0,0.0
2721,3.0,209.0,0.0
2722,36.0,298.0,0.0
2723,570.0,15.0,0.0
2724,452.0,160.0,0.0
2725,489.0,284.0,0.0
2726,174.0,210.0,0.0
2727,401.0,191.0,0.0
2728,373.0,69.0,0.0
2729,273.0,238.0,0.0
2730,78.0,36.0,0.0
2731,314.0,55.0,0.0
2732,267.0,43.0,0.0
2733,505.0,138.0,0.0
2734,337.0,2.0,0.0
2735,575.0,165.0,0.0
2736,477.0,199.0,0.0
2737,377.0,160.0,0.0
2738,314.0,49.0,0.0
2739,189.0,290.0,0.0
2740,225.0,248.0,0.0
2741,80.0,243.0,0.0
2742,297.0,283.0,0.0
2743,501.0,111.0,0.0
2744,282.0,161.0,0.0
2745,246.0,105.0,0.0
2746,284.0,190.0,0.0
2747,134.0,108.0,0.0
2748,513.0,155.0,0.0
2749,520.0,127.0,0.0
2750,515.0,143.0,0.0
2751,147.0,105.0,0.0
2752,26.0,74.0,0.0
2753,202.0,249.0,0.0
2754,411.0,0.0,0.0
2755,22.0,132.0,0.0
2756,318.0,52.0,0.0
2757,161.0,59.0,0.0
2758,136.0,98.0,0.0
2759,285.0,73.0,0.0
2760,40.0,245.0,0.0
2761,310.0,197.0,0.0
2762,525.0,188.0,0.0
2763,44.0,142.0,0.0
2764,157.0,256.0,0.0
2765,416.0,293.0,0.0
2766,300.0,210.0,0.0
2767,341.0,43.0,0.0
2768,120.0,80.0,0.0
2769,443.0,39.0,0.0
2770,248.0,267.0,0.0
2771,405.0,82.0,0.0
2772,11.0,82.0,0.0
2773,519.0,176.0,0.0
2774,224.0,64.0,0.0
2775,52.0,140.0,0.0
2776,572.0,100.0,0.0
2777,570.0,94.0,0.0
2778,576.0,94.0,0.0
2779,309.0,189.0,0.0
2780,60.0,127.0,0.0
2781,102.0,77.0,0.0
2782,419.0,145.0,0.0
2783,457.0,281.0,0.0
2784,40.0,277.0,0.0
2785,449.0,241.0,0.0
2786,491.0,48.0,0.0
2787,438.0,119.0,0.0
2788,190.0,253.0,0.0
2789,75.0,245.0,0.0
2790,125.0,15.0,0.0
2791,421.0,250.0,0.0
2792,272.0,109.0,0.0
2793,392.0,192.0,0.0
2794,295.0,185.0,0.0
2795,357.0,76.0,0.0
2796,75.0,307.0,0.0
2797,304.0,6.0,0.0
2798,215.0,45.0,0.0
2799,463.0,69.0,0.0
2800,184.0,278.0,0.0
2801,257.0,311.0,0.0
2802,502.0,209.0,0.0
2803,254.0,224.0,0.0
2804,410.0,256.0,0.0
2805,17.0,290.0,0.0
2806,556.0,292.0,0.0
2807,326.0,3.0,0.0
2808,561.0,256.0,0.0
2809,346.0,11.0,0.0
2810,523.0,70.0,0.0
2811,562.0,195.0,0.0
2812,588.0,150.0,0.0
2813,331.0,170.0,0.0
2814,364.0,235.0,0.0
2815,568.0,5.0,0.0
2816,19.0,54.0,0.0
2817,478.0,88.0,0.0
2818,45.0,58.0,0.0
2819,292.0,82.0,0.0
2820,154.0,42.0,0.0
2821,190.0,252.0,0.0
2822,229.0,251.0,0.0
2823,504.0,210.0,0.0
2824,546.0,112.0,0.0
2825,360.0,81.0,0.0
2826,526.0,94.0,0.0
2827,83.0,12.0,0.0
2828,526.0,213.0,0.0
2829,574.0,274.0,0.0
2830,536.0,169.0,0.0
2831,348.0,220.0,0.0
2832,70.0,128.0,0.0
2833,476.0,195.0,0.0
2834,151.0,90.0,0.0
2835,59.0,202.0,0.0
2836,356.0,182.0,0.0
2837,225.0,287.0,0.0
2838,512.0,112.0,0.0
2839,318.0,58.0,0.0
2840,233.0,144.0,0.0
2841,406.0,186.0,0.0
2842,356.0,114.0,0.0
2843,587.0,121.0,0.0
2844,115.0,86.0,0.0
2845,64.0,71.0,0.0
2846,75.0,25.0,0.0
2847,533.0,311.0,0.0
2848,455.0,138.0,0.0
2849,424.0,3.0,0.0
2850,183.0,196.0,0.0
2851,166.0,192.0,0.0
2852,168.0,122.0,0.0
2853,71.0,297.0,0.0
2854,52.0,160.0,0.0
2855,510.0,112.0,0.0
2856,469.0,105.0,0.0
2857,325.0,245.0,0.0
2858,203.0,237.0,0.0
2859,382.0,73.0,0.0
2860,58.0,182.0,0.0
2861,119.0,60.0,0.0
2862,348.0,249.0,0.0
2863,215.0,187.0,0.0
2864,81.0,69.0,0.0
2865,442.0,234.0,0.0
2866,2.0,181.0,0.0
2867,468.0,41.0,0.0
2868,324.0,309.0,0.0
2869,324.0,234.0,0.0
2870,88.0,34.0,0.0
2871,462.0,168.0,0.0
2872,187.0,180.0,0.0
2873,360.0,112.0,0.0
2874,418.0,309.0,0.0
2875,442.0,23.0,0.0
2876,363.0,114.0,0.0
2877,135.0,255.0,0.0
2878,243.0,49.0,0.0
2879,171.0,93.0,0.0
2880,7.0,223.0,0.0
2881,331.0,118.0,0.0
2882,487.0,302.0,0.0
2883,458.0,312.0,0.0
2884,210.0,78.0,0.0
2885,555.0,43.0,0.0
2886,492.0,184.0,0.0
2887,199.0,297.0,0.0
2888,198.0,171.0,0.0
2889,197.0,23.0,0.0
2890,413.0,210.0,0.0
2891,339.0,79.0,0.0
2892,59.0,265.0,0.0
2893,53.0,214.0,0.0
2894,590.0,207.0,0.0
2895,451.0,270.0,0.0
2896,64.0,145.0,0.0
2897,189.0,108.0,0.0
2898,349.0,280.0,0.0
2899,77.0,243.0,0.0
2900,463.0,183.0,0.0
2901,26.0,96.0,0.0
2902,283.0,257.0,0.0
2903,500.0,185.0,0.0
2904,377.0,69.0,0.0
2905,189.0,160.0,0.0
2906,310.0,47.0,0.0
2907,169.0,48.0,0.0
2908,339.0,7.0,0.0
2909,46.0,217.0,0.0
2910,80.0,77.0,0.0
2911,418.0,116.0,0.0
2912,72.0,58.0,0.0
2913,410.0,194.0,0.0
2914,559.0,135.0,0.0
2915,590.0,25.0,0.0
2916,6.0,78.0,0.0
2917,484.0,297.0,0.0
2918,368.0,113.0,0.0
2919,356.0,12.0,0.0
2920,310.0,250.0,0.0
2921,109.0,96.0,0.0
2922,220.0,184.0,0.0
2923,139.0,157.0,0.0
2924,420.0,208.0,0.0
2925,112.0,280.0,0.0
2926,171.0,304.0,0.0
2927,156.0,124.0,0.0
2928,32.0,81.0,0.0
2929,183.0,16.0,0.0
2930,20.0,131.0,0.0
2931,393.0,298.0,0.0
2932,523.0,246.0,0.0
2933,192.0,251.0,0.0
2934,485.0,9.0,0.0
2935,299.0,166.0,0.0
2936,93.0,64.0,0.0
2937,462.0,126.0,0.0
2938,492.0,218.0,0.0
2939,302.0,185.0,0.0
2940,405.0,21.0,0.0
2941,169.0,58.0,0.0
2942,513.0,259.0,0.0
2943,585.0,292.0,0.0
2944,582.0,81.0,0.0
2945,315.0,221.0,0.0
2946,319.0,91.0,0.0
2947,432.0,97.0,0.0
2948,35.0,237.0,0.0
2949,277.0,154.0,0.0
2950,144.0,36.0,0.0
2951,292.0,17.0,0.0
2952,180.0,47.0,0.0
2953,225.0,284.0,0.0
2954,300.0,74.0,0.0
2955,197.0,312.0,0.0
2956,381.0,187.0,0.0
2957,341.0,261.0,0.0
2958,325.0,197.0,0.0
2959,130.0,280.0,0.0
2960,239.0,146.0,0.0
2961,137.0,264.0,0.0
2962,110.0,232.0,0.0
2963,364.0,133.0,0.0
2964,523.0,284.0,0.0
2965,62.0,289.0,0.0
2966,11.0,268.0,0.0
2967,200.0,197.0,0.0
2968,174.0,296.0,0.0
2969,271.0,5.0,0.0
2970,395.0,206.0,0.0
2971,92.0,60.0,0.0
2972,520.0,114.0,0.0
2973,152.0,301.0,0.0
2974,41.0,239.0,0.0
2975,73.0,212.0,0.0
2976,28.0,169.0,0.0
2977,507.0,67.0,0.0
2978,125.0,23.0,0.0
2979,189.0,70.0,0.0
2980,535.0,231.0,0.0
2981,342.0,187.0,0.0
2982,50.0,5.0,0.0
2983,475.0,1.0,0.0
2984,180.0,45.0,0.0
2985,131.0,58.0,0.0
2986,295.0,5.0,0.0
2987,465.0,197.0,0.0
2988,323.0,258.0,0.0
2989,544.0,35.0,0.0
2990,190.0,54.0,0.0
2991,302.0,56.0,0.0
2992,417.0,16.0,0.0
2993,282.0,113.0,0.0
2994,336.0,167.0,0.0
2995,142.0,73.0,0.0
2996,365.0,301.0,0.0
2997,132.0,44.0,0.0
2998,585.0,9.0,0.0
2999,120.0,264.0,0.0
3000,194.0,152.0,0.0
3001,3.0,151.0,0.0
3002,568.0,245.0,0.0
3003,520.0,26.0,0.0
3004,410.0,37.0,0.0
3005,542.0,271.0,0.0
3006,252.0,298.0,0.0
3007,412.0,2.0,0.0
3008,388.0,219.0,0.0
3009,352.0,75.0,0.0
3010,407.0,144.0,0.0
3011,332.0,266.0,0.0
3012,545.0,297.0,0.0
3013,332.0,34.0,0.0
3014,245.0,187.0,0.0
3015,383.0,36.0,0.0
3016,212.0,9.0,0.0
3017,499.0,303.0,0.0
3018,240.0,33.0,0.0
3019,106.0,265.0,0.0
3020,509.0,51.0,0.0
3021,86.0,287.0,0.0
3022,546.0,241.0,0.0
3023,497.0,224.0,0.0
3024,116.0,185.0,0.0
3025,565.0,211.0,0.0
3026,471.0,297.0,0.0
3027,368.0,10.0,0.0
3028,407.0,66.0,0.0
3029,382.0,263.0,0.0
3030,134.0,140.0,0.0
3031,408.0,69.0,0.0
3032,528.0,234.0,0.0
3033,343.0,117.0,0.0
3034,127.0,296.0,0.0
3035,565.0,207.0,0.0
3036,517.0,188.0,0.0
3037,84.0,129.0,0.0
3038,287.0,96.0,0.0
3039,513.0,169.0,0.0
3040,201.0,146.0,0.0
3041,449.0,245.0,0.0
3042,494.0,258.0,0.0
3043,429.0,229.0,0.0
3044,25.0,288.0,0.0
3045,303.0,102.0,0.0
3046,534.0,77.0,0.0
3047,232.0,59.0,0.0
3048,358.0,271.0,0.0
3049,541.0,241.0,0.0
3050,33.0,160.0,0.0
3051,364.0,125.0,0.0
3052,25.0,17.0,0.0
3053,562.0,63.0,0.0
3054,366.0,64.0,0.0
3055,448.0,58.0,0.0
3056,277.0,8.0,0.0
3057,312.0,196.0,0.0
3058,364.0,92.0,0.0
3059,113.0,210.0,0.0
3060,568.0,263.0,0.0
3061,148.0,167.0,0.0
3062,432.0,50.0,0.0
3063,199.0,38.0,0.0
3064,27.0,214.0,0.0
3065,335.0,249.0,0.0
3066,101.0,8.0,0.0
3067,158.0,217.0,0.0
3068,292.0,185.0,0.0
3069,467.0,58.0,0.0
3070,132.0,110.0,0.0
3071,83.0,161.0,0.0
3072,95.0,188.0,0.0
3073,450.0,104.0,0.0
3074,455.0,203.0,0.0
3075,450.0,156.0,0.0
3076,411.0,148.0,0.0
3077,274.0,3.0,0.0
3078,390.0,156.0,0.0
3079,424.0,265.0,0.0
3080,372.0,123.0,0.0
3081,229.0,215.0,0.0
3082,525.0,205.0,0.0
3083,355.0,136.0,0.0
3084,381.0,64.0,0.0
3085,278.0,81.0,0.0
3086,43.0,305.0,0.0
3087,185.0,258.0,0.0
3088,29.0,229.0,0.0
3089,427.0,270.0,0.0
3090,502.0,80.0,0.0
3091,454.0,197.0,0.0
3092,332.0,149.0,0.0
